if DB_ID('DSQ_RENIEC') is not null
	begin
	use master
	drop database DSQ_RENIEC
	end
go
create database DSQ_RENIEC
go
use DSQ_RENIEC
go

if object_id('DEPARTAMENTO') is not null
	drop table DEPARTAMENTO
go
create table DEPARTAMENTO
(
idDepa int primary key,
departamento varchar(50) not null,
)
go

INSERT INTO DEPARTAMENTO (idDepa, departamento) VALUES

(1, 'CALLAO'),
(2, 'CUSCO'),
(3, 'JUNIN'),
(4, 'LIMA')
go
if object_id('PROVINCIA') is not null
	drop table PROVINCIA
go
create table PROVINCIA
(
 idProv int primary key,
  provincia  varchar(50) not NULL,
  idDepa  int references DEPARTAMENTO
)
go
INSERT INTO   PROVINCIA   (  idProv  ,   provincia  ,   idDepa  ) VALUES

(66, 'CALLAO', 1),
(67, 'CUSCO', 2),
(68, 'ACOMAYO', 2),
(69, 'ANTA', 2),
(70, 'CALCA', 2),
(71, 'CANAS', 2),
(72, 'CANCHIS', 2),
(73, 'CHUMBIVILCAS', 2),
(74, 'ESPINAR', 2),
(75, 'LA CONVENCION', 2),
(76, 'PARURO', 2),
(77, 'PAUCARTAMBO', 2),
(78, 'QUISPICANCHI', 2),
(79, 'URUBAMBA', 2),
(103, 'HUANCAYO', 3),
(104, 'CONCEPCION', 3),
(105, 'CHANCHAMAYO', 3),
(106, 'JAUJA', 3),
(107, 'JUNIN', 3),
(108, 'SATIPO', 3),
(109, 'TARMA', 3),
(110, 'YAULI', 3),
(111, 'CHUPACA', 3),
(127, 'LIMA', 4),
(128, 'BARRANCA', 4),
(129, 'CAJATAMBO', 4),
(130, 'CANTA', 4),
(131, 'CA&Ntilde;ETE', 4),
(132, 'HUARAL', 4),
(133, 'HUAROCHIRI', 4),
(134, 'HUAURA', 4),
(135, 'OYON', 4),
(136, 'YAUYOS', 4)
go
if object_id('DISTRITO') is not null
	drop table DISTRITO
go
create table DISTRITO
(
  idDist   int primary key,
   distrito   varchar(50) not NULL,
   idProv   int REFERENCES PROVINCIA
   )
go
INSERT INTO   DISTRITO   (  idDist  ,   distrito  ,   idProv  ) VALUES

(668, 'SANTA CRUZ', 66),
(669, 'ANDABAMBA', 66),
(670, 'CATACHE', 66),
(671, 'CHANCAYBA&Ntilde;OS', 66),
(672, 'LA ESPERANZA', 66),
(673, 'NINABAMBA', 66),
(674, 'PULAN', 66),
(675, 'SAUCEPAMPA', 66),
(676, 'SEXI', 66),
(677, 'UTICYACU', 66),
(678, 'YAUYUCAN', 66),
(679, 'CALLAO', 67),
(680, 'BELLAVISTA', 67),
(681, 'CARMEN DE LA LEGUA REYNOSO', 67),
(682, 'LA PERLA', 67),
(683, 'LA PUNTA', 67),
(684, 'VENTANILLA', 67),
(685, 'CUSCO', 67),
(686, 'CCORCA', 67),
(687, 'POROY', 67),
(688, 'SAN JERONIMO', 67),
(689, 'SAN SEBASTIAN', 67),
(690, 'SANTIAGO', 67),
(691, 'SAYLLA', 67),
(692, 'WANCHAQ', 67),
(693, 'ACOMAYO', 68),
(694, 'ACOPIA', 68),
(695, 'ACOS', 68),
(696, 'MOSOC LLACTA', 68),
(697, 'POMACANCHI', 68),
(698, 'RONDOCAN', 68),
(699, 'SANGARARA', 68),
(700, 'ANTA', 69),
(701, 'ANCAHUASI', 69),
(702, 'CACHIMAYO', 69),
(703, 'CHINCHAYPUJIO', 69),
(704, 'HUAROCONDO', 69),
(705, 'LIMATAMBO', 69),
(706, 'MOLLEPATA', 69),
(707, 'PUCYURA', 69),
(708, 'ZURITE', 69),
(709, 'CALCA', 70),
(710, 'COYA', 70),
(711, 'LAMAY', 70),
(712, 'LARES', 70),
(713, 'PISAC', 70),(714, 'SAN SALVADOR', 70),
(715, 'TARAY', 70),
(716, 'YANATILE', 70),
(717, 'YANAOCA', 71),
(718, 'CHECCA', 71),
(719, 'KUNTURKANKI', 71),
(720, 'LANGUI', 71),
(721, 'LAYO', 71),
(722, 'PAMPAMARCA', 71),
(723, 'QUEHUE', 71),
(724, 'TUPAC AMARU', 71),
(725, 'SICUANI', 72),
(726, 'CHECACUPE', 72),
(727, 'COMBAPATA', 72),
(728, 'MARANGANI', 72),
(729, 'PITUMARCA', 72),
(730, 'SAN PABLO', 72),
(731, 'SAN PEDRO', 72),
(732, 'TINTA', 72),
(733, 'SANTO TOMAS', 73),
(734, 'CAPACMARCA', 73),
(735, 'CHAMACA', 73),
(736, 'COLQUEMARCA', 73),
(737, 'LIVITACA', 73),
(738, 'LLUSCO', 73),
(739, 'QUI&Ntilde;OTA', 73),
(740, 'VELILLE', 73),
(741, 'ESPINAR', 74),
(742, 'CONDOROMA', 74),
(743, 'COPORAQUE', 74),
(744, 'OCORURO', 74),
(745, 'PALLPATA', 74),
(746, 'PICHIGUA', 74),
(747, 'SUYCKUTAMBO', 74),
(748, 'ALTO PICHIGUA', 74),
(749, 'SANTA ANA', 75),
(750, 'ECHARATE', 75),
(751, 'HUAYOPATA', 75),
(752, 'MARANURA', 75),
(753, 'OCOBAMBA', 75),
(754, 'QUELLOUNO', 75),
(755, 'KIMBIRI', 75),
(756, 'SANTA TERESA', 75),
(757, 'VILCABAMBA', 75),
(758, 'PICHARI', 75),
(759, 'PARURO', 76),
(760, 'ACCHA', 76),
(761, 'CCAPI', 76),
(762, 'COLCHA', 76),
(763, 'HUANOQUITE', 76),
(764, 'OMACHA', 76),
(765, 'PACCARITAMBO', 76),
(766, 'PILLPINTO', 76),
(767, 'YAURISQUE', 76),
(768, 'PAUCARTAMBO', 77),
(769, 'CAICAY', 77),
(770, 'CHALLABAMBA', 77),
(771, 'COLQUEPATA', 77),
(772, 'HUANCARANI', 77),
(773, 'KOS&Ntilde;IPATA', 77),(774, 'URCOS', 78),
(775, 'ANDAHUAYLILLAS', 78),
(776, 'CAMANTI', 78),
(777, 'CCARHUAYO', 78),
(778, 'CCATCA', 78),
(779, 'CUSIPATA', 78),
(780, 'HUARO', 78),
(781, 'LUCRE', 78),
(782, 'MARCAPATA', 78),
(783, 'OCONGATE', 78),
(784, 'OROPESA', 78),
(785, 'QUIQUIJANA', 78),
(786, 'URUBAMBA', 79),
(787, 'CHINCHERO', 79),
(788, 'HUAYLLABAMBA', 79),
(789, 'MACHUPICCHU', 79),
(790, 'MARAS', 79),
(791, 'OLLANTAYTAMBO', 79),
(792, 'YUCAY', 79),
(1006, 'HUANCAYO', 103),
(1007, 'CARHUACALLANGA', 103),
(1008, 'CHACAPAMPA', 103),
(1009, 'CHICCHE', 103),
(1010, 'CHILCA', 103),
(1011, 'CHONGOS ALTO', 103),
(1012, 'CHUPURO', 103),
(1013, 'COLCA', 103),(1014, 'CULLHUAS', 103),
(1015, 'EL TAMBO', 103),
(1016, 'HUACRAPUQUIO', 103),
(1017, 'HUALHUAS', 103),
(1018, 'HUANCAN', 103),
(1019, 'HUASICANCHA', 103),
(1020, 'HUAYUCACHI', 103),
(1021, 'INGENIO', 103),
(1022, 'PARIAHUANCA', 103),
(1023, 'PILCOMAYO', 103),
(1024, 'PUCARA', 103),
(1025, 'QUICHUAY', 103),
(1026, 'QUILCAS', 103),
(1027, 'SAN AGUSTIN', 103),
(1028, 'SAN JERONIMO DE TUNAN', 103),
(1029, 'SA&Ntilde;O', 103),
(1030, 'SAPALLANGA', 103),
(1031, 'SICAYA', 103),
(1032, 'SANTO DOMINGO DE ACOBAMBA', 103),
(1033, 'VIQUES', 103),
(1034, 'CONCEPCION', 104),
(1035, 'ACO', 104),
(1036, 'ANDAMARCA', 104),
(1037, 'CHAMBARA', 104),
(1038, 'COCHAS', 104),
(1039, 'COMAS', 104),
(1040, 'HEROINAS TOLEDO', 104),
(1041, 'MANZANARES', 104),
(1042, 'MARISCAL CASTILLA', 104),
(1043, 'MATAHUASI', 104),
(1044, 'MITO', 104),
(1045, 'NUEVE DE JULIO', 104),
(1046, 'ORCOTUNA', 104),
(1047, 'SAN JOSE DE QUERO', 104),
(1048, 'SANTA ROSA DE OCOPA', 104),
(1049, 'CHANCHAMAYO', 105),
(1050, 'PERENE', 105),
(1051, 'PICHANAQUI', 105),
(1052, 'SAN LUIS DE SHUARO', 105),
(1053, 'SAN RAMON', 105),
(1054, 'VITOC', 105),
(1055, 'JAUJA', 106),
(1056, 'ACOLLA', 106),
(1057, 'APATA', 106),
(1058, 'ATAURA', 106),
(1059, 'CANCHAYLLO', 106),
(1060, 'CURICACA', 106),
(1061, 'EL MANTARO', 106),
(1062, 'HUAMALI', 106),
(1063, 'HUARIPAMPA', 106),
(1064, 'HUERTAS', 106),
(1065, 'JANJAILLO', 106),
(1066, 'JULCAN', 106),
(1067, 'LEONOR ORDO&Ntilde;EZ', 106),
(1068, 'LLOCLLAPAMPA', 106),
(1069, 'MARCO', 106),
(1070, 'MASMA', 106),
(1071, 'MASMA CHICCHE', 106),
(1072, 'MOLINOS', 106),
(1073, 'MONOBAMBA', 106),(1074, 'MUQUI', 106),
(1075, 'MUQUIYAUYO', 106),
(1076, 'PACA', 106),
(1077, 'PACCHA', 106),
(1078, 'PANCAN', 106),
(1079, 'PARCO', 106),
(1080, 'POMACANCHA', 106),
(1081, 'RICRAN', 106),
(1082, 'SAN LORENZO', 106),
(1083, 'SAN PEDRO DE CHUNAN', 106),
(1084, 'SAUSA', 106),
(1085, 'SINCOS', 106),
(1086, 'TUNAN MARCA', 106),
(1087, 'YAULI', 106),
(1088, 'YAUYOS', 106),
(1089, 'JUNIN', 107),
(1090, 'CARHUAMAYO', 107),
(1091, 'ONDORES', 107),
(1092, 'ULCUMAYO', 107),
(1093, 'SATIPO', 108),
(1094, 'COVIRIALI', 108),
(1095, 'LLAYLLA', 108),
(1096, 'MAZAMARI', 108),
(1097, 'PAMPA HERMOSA', 108),
(1098, 'PANGOA', 108),
(1099, 'RIO NEGRO', 108),
(1100, 'RIO TAMBO', 108),
(1101, 'TARMA', 109),
(1102, 'ACOBAMBA', 109),
(1103, 'HUARICOLCA', 109),
(1104, 'HUASAHUASI', 109),
(1105, 'LA UNION', 109),
(1106, 'PALCA', 109),
(1107, 'PALCAMAYO', 109),
(1108, 'SAN PEDRO DE CAJAS', 109),
(1109, 'TAPO', 109),
(1110, 'LA OROYA', 110),
(1111, 'CHACAPALPA', 110),
(1112, 'HUAY-HUAY', 110),
(1113, 'MARCAPOMACOCHA', 110),
(1114, 'MOROCOCHA', 110),
(1115, 'PACCHA', 110),
(1116, 'SANTA BARBARA DE CARHUACAYAN', 110),
(1117, 'SANTA ROSA DE SACCO', 110),
(1118, 'SUITUCANCHA', 110),
(1119, 'YAULI', 110),
(1120, 'CHUPACA', 111),
(1121, 'AHUAC', 111),
(1122, 'CHONGOS BAJO', 111),
(1123, 'HUACHAC', 111),
(1124, 'HUAMANCACA CHICO', 111),
(1125, 'SAN JUAN DE ISCOS', 111),
(1126, 'SAN JUAN DE JARPA', 111),
(1127, 'TRES DE DICIEMBRE', 111),
(1128, 'YANACANCHA', 111),
(1251, 'LIMA', 127),
(1252, 'ANCON', 127),
(1253, 'ATE', 127),(1254, 'BARRANCO', 127),
(1255, 'BRE&Ntilde;A', 127),
(1256, 'CARABAYLLO', 127),
(1257, 'CHACLACAYO', 127),
(1258, 'CHORRILLOS', 127),
(1259, 'CIENEGUILLA', 127),
(1260, 'COMAS', 127),
(1261, 'EL AGUSTINO', 127),
(1262, 'INDEPENDENCIA', 127),
(1263, 'JESUS MARIA', 127),
(1264, 'LA MOLINA', 127),
(1265, 'LA VICTORIA', 127),
(1266, 'LINCE', 127),
(1267, 'LOS OLIVOS', 127),
(1268, 'LURIGANCHO', 127),
(1269, 'LURIN', 127),
(1270, 'MAGDALENA DEL MAR', 127),
(1271, 'MAGDALENA VIEJA', 127),
(1272, 'MIRAFLORES', 127),
(1273, 'PACHACAMAC', 127),
(1274, 'PUCUSANA', 127),
(1275, 'PUENTE PIEDRA', 127),
(1276, 'PUNTA HERMOSA', 127),
(1277, 'PUNTA NEGRA', 127),
(1278, 'RIMAC', 127),
(1279, 'SAN BARTOLO', 127),
(1280, 'SAN BORJA', 127),
(1281, 'SAN ISIDRO', 127),
(1282, 'SAN JUAN DE LURIGANCHO', 127),
(1283, 'SAN JUAN DE MIRAFLORES', 127),
(1284, 'SAN LUIS', 127),
(1285, 'SAN MARTIN DE PORRES', 127),
(1286, 'SAN MIGUEL', 127),
(1287, 'SANTA ANITA', 127),
(1288, 'SANTA MARIA DEL MAR', 127),
(1289, 'SANTA ROSA', 127),
(1290, 'SANTIAGO DE SURCO', 127),
(1291, 'SURQUILLO', 127),
(1292, 'VILLA EL SALVADOR', 127),
(1293, 'VILLA MARIA DEL TRIUNFO', 127)
if object_id('PERSONA') is not null
	drop table PERSONA
go
create table PERSONA
(
nDNI char(8) primary key,
nombre varchar(40) not null,
apellidoP varchar(40) not null,
apellidoM varchar(40) not null,
sexo varchar(40) not null,
fechaNac date not null,
telefono char(11) not null,
direccion varchar(45) not null,
email varchar(45) not null,
foto image null,
firma image null,
huella image null,
idDist   int REFERENCES DISTRITO
)
go
set dateformat dmy
insert into persona values ('70236561','Javier','Huaman','Adama','Masculino','12/12/1996',
'123456789','Jr noseque','abc@gmail.com',null,null,null,1293) 
