USE `proyectoLPII` ;
#datos de rol
INSERT INTO `proyectoLPII`.`Rol`(`idRol`,`gestionarLES`,`gestionarRES`,`verificarLES`,`verificarRES`,`mantenimiento`,`reporte`) 
						 VALUES ('RL001', '1', '1', '1', '1', '1', '1');

#Datos ESTADO
INSERT INTO `proyectoLPII`.`estado` (`idEstado`, `descripcion`) VALUES ('1', 'Activo');
INSERT INTO `proyectoLPII`.`estado` (`idEstado`, `descripcion`) VALUES ('2', 'Inactivo');
INSERT INTO `proyectoLPII`.`estado` (`idEstado`, `descripcion`) VALUES ('3', 'Generado');
INSERT INTO `proyectoLPII`.`estado` (`idEstado`, `descripcion`) VALUES ('4', 'Conforme');
INSERT INTO `proyectoLPII`.`estado` (`idEstado`, `descripcion`) VALUES ('5', 'Disconforme');
INSERT INTO `proyectoLPII`.`estado` (`idEstado`, `descripcion`) VALUES ('6', 'Actualizado');
INSERT INTO `proyectoLPII`.`estado` (`idEstado`, `descripcion`) VALUES ('7', 'Desaprobado');
INSERT INTO `proyectoLPII`.`estado` (`idEstado`, `descripcion`) VALUES ('8', 'Aprobado');



#datos de Cargo
INSERT INTO `proyectoLPII`.`Cargo`(`idCargo`,`descripcion`,`sueldo`,`idRol`) VALUES ('C00001', 'Director de Ejecutivo', '5000.6','RL001');
INSERT INTO `proyectoLPII`.`Cargo`(`idCargo`,`descripcion`,`sueldo`,`idRol`) VALUES ('C00002', 'Director de Personal', '5000.6','RL001');
INSERT INTO `proyectoLPII`.`Cargo`(`idCargo`,`descripcion`,`sueldo`,`idRol`) VALUES ('C00003', 'Director de Economia', '5000.6','RL001');
INSERT INTO `proyectoLPII`.`Cargo`(`idCargo`,`descripcion`,`sueldo`,`idRol`) VALUES ('C00004', 'Director de Logistica', '5000.6','RL001');
INSERT INTO `proyectoLPII`.`Cargo`(`idCargo`,`descripcion`,`sueldo`,`idRol`) VALUES ('C00005', 'Jefe ECA', '5000.6','RL001');
INSERT INTO `proyectoLPII`.`Cargo`(`idCargo`,`descripcion`,`sueldo`,`idRol`) VALUES ('C00006', 'Jefe Presupuesto', '5000.6','RL001');
INSERT INTO `proyectoLPII`.`Cargo`(`idCargo`,`descripcion`,`sueldo`,`idRol`) VALUES ('C00007', 'Jefe Pensiones', '5000.6','RL001');
INSERT INTO `proyectoLPII`.`Cargo`(`idCargo`,`descripcion`,`sueldo`,`idRol`) VALUES ('C00008', 'Jefe Remuneracion', '5000.6','RL001');
INSERT INTO `proyectoLPII`.`Cargo`(`idCargo`,`descripcion`,`sueldo`,`idRol`) VALUES ('C00009', 'Jefe Selección', '5000.6','RL001');
INSERT INTO `proyectoLPII`.`Cargo`(`idCargo`,`descripcion`,`sueldo`,`idRol`) VALUES ('C00010', 'Jefe Bienestar Per.', '5000.6','RL001');
INSERT INTO `proyectoLPII`.`Cargo`(`idCargo`,`descripcion`,`sueldo`,`idRol`) VALUES ('C00011', 'Encargado Eq Remuneración', '5000.6','RL001');
INSERT INTO `proyectoLPII`.`Cargo`(`idCargo`,`descripcion`,`sueldo`,`idRol`) VALUES ('C00012', 'Encargado Eq Asistencia', '5000.6','RL001');
INSERT INTO `proyectoLPII`.`Cargo`(`idCargo`,`descripcion`,`sueldo`,`idRol`) VALUES ('C00013', 'Asalariado', '5000.6','RL001');


#datos de unidad Orgánica
INSERT INTO `proyectoLPII`.`UnidadOrganica`(`idUnidadOrganica`,`descripcion`,`idCargo`,`nombreUnidad`) VALUES ('U0001','descripcion','C00002','Oficina de Personal');
INSERT INTO `proyectoLPII`.`UnidadOrganica`(`idUnidadOrganica`,`descripcion`,`idCargo`,`nombreUnidad`) VALUES ('U0002','descripcion','C00003','Oficina de Economia');
INSERT INTO `proyectoLPII`.`UnidadOrganica`(`idUnidadOrganica`,`descripcion`,`idCargo`,`nombreUnidad`) VALUES ('U0003','descripcion','C00004','Oficina de Logistica');
INSERT INTO `proyectoLPII`.`UnidadOrganica`(`idUnidadOrganica`,`descripcion`,`idCargo`,`nombreUnidad`) VALUES ('U0004','descripcion','C00001','Oficina Ejecutiva de Administración');


#datos de Equipo
INSERT INTO `proyectoLPII`.`Equipo`(`idEquipo`,`nombreEquipo`,`idUnidadOrganica`,`descripcionEquipo`)VALUES('EQ0001','Equipo de Control de Asistencia','U0001','descripcion');
INSERT INTO `proyectoLPII`.`Equipo`(`idEquipo`,`nombreEquipo`,`idUnidadOrganica`,`descripcionEquipo`)VALUES('EQ0002','Equipo de Presupuesto','U0001','descripcion');
INSERT INTO `proyectoLPII`.`Equipo`(`idEquipo`,`nombreEquipo`,`idUnidadOrganica`,`descripcionEquipo`)VALUES('EQ0003','Equipo de Pensiones y otros Beneficios','U0001','descripcion');
INSERT INTO `proyectoLPII`.`Equipo`(`idEquipo`,`nombreEquipo`,`idUnidadOrganica`,`descripcionEquipo`)VALUES('EQ0004','Equipo de Remuneraciones','U0001','descripcion');
INSERT INTO `proyectoLPII`.`Equipo`(`idEquipo`,`nombreEquipo`,`idUnidadOrganica`,`descripcionEquipo`)VALUES('EQ0005','Equipo de Seleccion, Legajo y Capacitación','U0001','descripcion');
INSERT INTO `proyectoLPII`.`Equipo`(`idEquipo`,`nombreEquipo`,`idUnidadOrganica`,`descripcionEquipo`)VALUES('EQ0006','Equipo de Bienestra de Personal','U0001','descripcion');

#datos de Cargos_Equipos
INSERT INTO `proyectoLPII`.`Cargo_Equipo`(`idCargo`,`idEquipo`,`esJefe`)VALUES('C00005','EQ0001',0);
INSERT INTO `proyectoLPII`.`Cargo_Equipo`(`idCargo`,`idEquipo`,`esJefe`)VALUES('C00012','EQ0001',0);
INSERT INTO `proyectoLPII`.`Cargo_Equipo`(`idCargo`,`idEquipo`,`esJefe`)VALUES('C00006','EQ0002',0);
INSERT INTO `proyectoLPII`.`Cargo_Equipo`(`idCargo`,`idEquipo`,`esJefe`)VALUES('C00007','EQ0003',0);
INSERT INTO `proyectoLPII`.`Cargo_Equipo`(`idCargo`,`idEquipo`,`esJefe`)VALUES('C00008','EQ0004',0);
INSERT INTO `proyectoLPII`.`Cargo_Equipo`(`idCargo`,`idEquipo`,`esJefe`)VALUES('C00011','EQ0004',0);
INSERT INTO `proyectoLPII`.`Cargo_Equipo`(`idCargo`,`idEquipo`,`esJefe`)VALUES('C00009','EQ0005',0);
INSERT INTO `proyectoLPII`.`Cargo_Equipo`(`idCargo`,`idEquipo`,`esJefe`)VALUES('C00010','EQ0006',0);
select * from `Cargo_Equipo`;

#datos de Empleado


INSERT INTO `empleado` (`idEmpleado`,`nDNI`,`nombre`,`apellidoP`,`apellidoM`,`fechaNacimiento`,`telefono`,`seguroSocial`,`idCargo`,`idestado`,`foto`,`fechaIngreso`,`usuario`,`password`) VALUES ('EM0001','70236561','Romario','Vargas','Jacinto','1995-10-10','555555555','11111111111','C00001',1,
_binary 0xFFD8FFE000104A46494600010100000100010000FFDB008400090607131212141412121516131617221918161717171A1C19181A171C181A1A1E1A1B1C282C181E2A1F1918223121262C2B32322F181F3F38332C37282D302E010A0A0A0E0D0E1B10101B2C2420242C342E34342C2C2C2F2C342F2C2D2C2C2C2C2C2D2C2C2C2C372C2C2C2C2C2C2C2C2C2C2C2C2C2C2F2C2C2C2C2C2C2C2C2C2DFFC000110800A000A003011100021101031101FFC4001C0001000203010101000000000000000000000607030405010208FFC400461000020102030505020A06080700000000010200031104122105063141510713226181719114233233425272A1B1D21553629293B27382A2B3C1C2D1F116345463C3D3E1FFC4001B01010002030101000000000000000000000003040102050607FFC4003411000201020403040A0202030000000000000102031104122131054151617191D1131422324281A1B1C1F006E115521623F1FFDA000C03010002110311003F00BC600802008020080201A14F6CD13886C36702BAA86C8742548BDD6FF2BD384C5D5EC2DCCDAC462129A97A8EA8838B31000F693C264116C7F691B3E91B0AAD50FF00DB4661EFB5BEF91BAB05CCDD5393E471DFB5EC303A617147CFE207E3566BE9E06FE86464A1DADE109F161F1283A9148FF2D4263D3C3A98F4323B5B3FB41D9F574188087A55564FBD85A6EAA45ECCD5C24B744968D55750C8C194EA1948208EA08E337343EE008020080200802008020080200804477B77FE8602A0A4F4AB3D46170028553A727720379E5BDB9CD273505766F08396C553BD5BD0F8CC52625299A0F4D54215A998DD599835F2AD8F8AD6D7879DA55A95B334E3C8B10A764D339BB676B56C5BF7988A86A30F920FC94FB2BC17DA3591CEA4A5B9B460A3B1A5343710040100DBD93B4EB615B3E1EAB5224DC853E163FB4BC1BDA45E6F1A928ECCD6508CB72CBDD6ED4D588A78E50879574BE53F6D7E872D41238FC9E76A15D3D1E8579D16B62CBA750300CA41522E0837041E0411C449C84FA80200802008020080200807CD5A814166202817249B0006A493C840296DFEDFB38CCD4280B61B81623C556DCF51E05E9CCF970952AD6BE912CD3A5CE441E5627100401004010040100946E4EF9D5C036537A98663E2A77D53AB2743D5781F2327A55B2E8F622A94B36AB72F3C06329D6A6B5293064717561CC4BA543620080200802008020080541DABEF51AB50E0E935A927CF11F4DF884FB2BCFA93FB3AD5AF53E1458A30F8995DCAA58100401004010040100401009B765DBCC70D88142A37C4576005CE8954E8A474CDA291D72F9DECD0A9F0B20AD0BFB48BB65B2B0802008020080201C9DEBDADF04C256ADA6655F083CDCE8BF7913127955CCA57763F390BF32493A927524937249E649B927CE735B6DDD97ED6130040100401004010040100403C75B823AF4D3EFE517B0DCFD1DBA9B48E270742B37CA7419BED0D1BD9A833A71775728356763AD32604010040100402B7EDB31D96861E883F3950B91D56928FF33D33E920C43B409A8AF68A92522D080201E3301A9361002B5FFF00B00F60080200802008020179764E4FE8DA77FAEF6F67786D3A147DC452A9EFB26324341004010040100A87B6D7BE230A3EAD273FBEE9FF00AE56C4BD122C50E65752A16040100DBD85B1CE2710133D858B13941CAA05B4D7A902FE72BE2F14B0F4B3DB5D828DD9D3DA9B9989A6C7BB26AA72CB955BD841E7E60FBA55A1C5A8CD7B7ECBF146CE124739761E2469F07ABEEBFF008CB5EBB877F1A31959ED5D8F88452EF4591071662A07E3C7CA6238CA129658CAEFB2E1A68E7D36245C8B794B4CC1EB3816B9E3C262C0F6008078EE0024F002E7D201FA33743669C360E8526166541987463E261E8491E93A7156491424EEEE76264C080200802008053FDB5ADB13873D68B0FDD71F984AB895B3FDE458A1CFF7A95E4AA5810040273B9BB3DA9206E1531166BFD4A29C3D58B7F687D59E778957556797E1869DF27E56FDB92417D4974E3928807236BEEE51C4B87A86A5C0B001CD87B17803D4F19770F8EAB4239616F0D7C4D1C13772338CDC1A97269570CBC83DD48F2CCA086F72CEA53E351B5AA42CFB3C9F9B3474DF2662A1B895EFF2A8ADF89BB93FCBAFA99BCB8CD1E49BF0F330A9B3DDA9BBC984A60B77B88AADA284A6C29823E9305CC6C2FC0B6B31471F3C4CECAD08ADEED5FB95EDF6D04A3948B9464210A38200F96194DADA139B533AEA5192BA69F76BF634EC275D97EEA9C4D6188AABF1145AEB71F39554DC5BC948B93D6C3ADACD0A7F1321AD3B7B28BAE5B2B080200802008020155F6E187D7075790EF69FAB8A6E3EEA6D2BE23DD27A1BB2B094CB2201DCDD3D863135097B7754ED987D72750B6E9A6BEEE739DC4718E8432C7DE7F4EDEFE86D18E665A5B17638AEF59CD47520AA59426AA1338E2A4F1A8F23E15C3686270EA552FA37CEDD08ABD694276475CEECAFEBAAFF0063F2CE9FF83C1FFABF1643EB350C357765FE8623F894C37F214B7DF2BCFF008FE1DFBB292F07F8FC9BAC54B9A46862766D7A7AB52CC3AD339FEEB03EE07D673311C02BD3D69B52FA3F0DBEA4D1C545EFA1C6C25CD6A8AA7E2D407B0E259CB29074D0034D8DB8DDB5B65D797556482CEAD2D56BA6D67F9FA76E934757A6C74729E92AE65D4DC4C8393B4F772962F1187EF599573146CBA16520B05BF2F10E3C833759DDE05557A674A5B357F9AFEBEC8AF88BA8E6459985C3253454A6A151459540B00070027B139C658020080200802008042FB57D9C6BE0D420BD45ACA5069A93743C7F659A57C54E30A4E537648968DF3AB15C26E3E22D7352903D2EE7EFCBFEB3CE3E334AFA45DBE5E65EF46C8E6370CF46AB52A8B66500F5BE6CDA83CC693A74AAC2AD35383D19A73B127ECE6B5AAD7427E522B01F619837F78BEE9C9E350BC212E8DAF1B5BECCDE9EECB1763E3450AD998DA9D401589E0AC09C8DE43C4CA4FD9E936E018C8C24E84BE2D577F35F3D2DDDDA458AA77599722653D6144403E6A25C11722E2D706C45FA1E46015D7671B9F80C38AF4D4AE24BBE656AC884945160CB71665B93E21D475122A75A9D46D41A6E3A3EC36716B7E64D7F40613FE9685FA8A480FBEDA495FB4ACF5355A6C6BE2376A91F9B67A67C9B30FDD6BCE7D7E1785ADBC127D569F6D09635E71E646712DDD626961DEA536AD9D18043A95CE3534C92534BF33ED9CBA1C1EA61B150A9079A37EE6B47FBA7813CB10A7069EE5813D214C4010040100401004022DBDAE7BFC3AFD1EEEAB7F58351507DCEE3D4CE07F21935422B9397E196B08BDA7DC4731552A8A87BB3982A6764206A0DC2AA9D2C4E5737248F0816F15C798828387B5A5DD93FBB7E2BF559DC77BE8453B464B55A0D6F954D85FEC329FF00C9F8CECF057EC4D746BEB7F234A9B9C7DD9C6F738AA4C7E49390FB1FC23EFB4BB8FA3E970F24B75AF87F46B17665A644F245836303B46B5000210E83853A848B0E8AE012A3C886E02D69DEC271EA94D65ACB32EBCFFBFA77956A6153D63A1D1FF89CDBFE5DAFF6D2DEFBDFEE9D3FF3F85B6D2F05E643EAB3EC39D8FDA35AB82B532A5322C69A12D98730CE40CC0F40ABC48379CDC671EA95165A2B2AEBCFE5D3EBF226A7854B596A6ABD306D7E46E08D083D411A83E6270E9559D296683B3EC2CB4A4ACCDCA5B531282CB541FE9133FF002B293EF9DBA3FC82BC55A7152FA3FCAFA15A5858BD9D8EAECADBE5D853AC8118E8ACA6EAE6DC35D51BCB5F699DCC0F15A58B7952CB2E8FF0FF00F0AD5684A1AEE8D3FF008770B5B68AE396983569295356E6CCD62A028E06C0B5DBD835D6DD3212530040100401004010040201DAAEDEF829C2055CCE5D9C8E6692AE5700F237A8845FEAFA8A1C4B0F1AF43D1BF976327C3B6A57460D9D8EA55D7BCA4C18702798E7958710753A1EB3C356A3528CB24D5BF791D14D3D51A9BCBB1BE154B28215D4E642785ED620DB91048FF69360B14F0F5335AE9E8CC4A37457F8DDDBC4ADD5A833022D74B3020FB0DE7A3A7C430F2D54D2EFD085C5F34593B1EBBBD1A6D514AD42A338616398684DBCF8FACF2D888461564A0EEAFA771345B6B5372426C200802008063C452CE025AE5D95403D4B0F7DB8FA4BDC3632962E9A8F5BFC96FF00423ACD283B93F45000000006800E004FA01CA3D80200802008020080201407683B6862F1B5190DE9D3F8A43C88526E479162DE96946BCB34ADD0B746368DFA9F7D9ED3BE26A374A441F575B7E0D385C665FF004C576FE19629FBC5813CE131EC03C8020080201F3569861637B79120FBC19B26D3BA3060F8211C2AD41EAA7F1066FE91738A163BFBA1835B3BB5DAA2B950CC6F60403A0E038F19EC782D3A7EAEAA4629377BBEE673F10DE7B3649A760AE2008020080200802015FF0069DBE230E870B41AF5EA0B3B03F3484797D33C872D4F4BC556A645DA4B4E9E67AEC536A2C2C340394A05B269D9BD0FF98A9D4A27EE8673FDE2FBA70B8D4F5843BDF8D97E0929ADD98FB57DBB5B0B87A4283146AAC4171C40500D81E44DF8F919A704C253AF564EA2BE55B779A6266E3156E673770BB49C125014768D17351786214B3330BDFC7621AE3A8BDFCA7AD786A2D65708DBB91433CBAB2D0A5831529262308E6BE1EA28603E9AFB0FD2F35362083A9E03878EE05192CF87D1F4E5F2E9F6EE2CD3C4B5A4CD7A55430BA9B8E1EC238823911D0EB3CBD4A72A72719AB35D4BA9A6AE8FA9A191004010090EE927C4B37D7A8C47B01CBFE59EF784D370C1C13E6AFE3A9CBAEEF519DB9D122100401004010040100AF37AFB314AF51AB616A8A551C9674704A331D49046B4C93A9F943C87190CE8A93BF32585571D0AEF6FEE962F06B9AB531909CA19195812780B71E4797290FAB546ED1572655A1CC97EE6617BBC253EAF77FDE371F75A78CE25533E265D9A787F65BA7EE9EEF8EEF2E3B0CD489CAE0E646E8E3AF910483ED9AE0318F0B594D6AB67DC62AD3CF1B15162B73421642EEB51788603D0E9C8D8EA2F3D8D3C729C54A3AA623C3E9CE378C9DCC7B1F17B4F001BE0B5AA22DFC4A841048E790DC136035B709695783E654960EB475B5FB8B4B6576A5B37174C36333E17176B33D352C1ADC0DC0208F271A5EC2F34C4E128E26396AC6FF75DCC82152507A125D9CC6BD15AF40AE228B70A94B43E61A931BA30E809E1CB84F378AE01523AD1799747A3F27F42DC3149FBDA1ED2AEAC4807C4BF297832FDA53AAFA89C3AB46A5276A9169F696A3252D8C922327A21824DBAE6F85A5D2C729EA998E43E60ADB5E73E8F85CDE8219F7CAAFE072276CCEC7564E6A200802008020080201C2DE0DEBC3E10E572CF52D7EED002D6E572480BEA44DA3072D8DA3172D8A8F7D3781F1D54B3277629A9445CF7B660199B3651958F847036CA38CE8E169B8C64D3D7A91D55965664D766E252AD247A5F3654651C2C2D6CB6E4470B794F9257A3528D4953A9EF27AFEF6EE7663252575B1B12136357686CEA55C0155035B81E056FC6C46A24D46BD4A2EF0760B477445F1BB9CEA49A35030FAAFE161FD71A37A81ED33AF4B8BC5E95236ED5E5FDFC89E38892DD5FF7F7A15F6F9EEBD7422A0C3D4BF07CAB987DABADEDEBE53B983C7D19ACB9D7CF4FB9471B08CAD386FCFCC97F635B2B261DF102A540F55B2D95D94054EA01F11B93C6F61C2D7339DC638957A35953A4ED65E3721C3D18CA379168ECAD9CF5699A8CB4EBA97364ACCC5908F0964A8736526C7C2001A8371ADFADC3D549E193AD2CD9B5E5B3E44156CA7ECE963668EEDE66BB5E9201A2255672C7A92C3C36D7417BE9A8E11538560E6EEE9AF969F60ABD45CCDB4DD8A3F4CBD41F55DBC27C8A80330F23334785E1694B3461AF6DDFDC4AB4E4ACD9DB97C884010040100401004031E26BAD3467721514166279002E4C0287A98A3559EA9BDEA3B31BF1D58E87D82C3D25E82B4522E4559239DB4E87D2E5C1C7551A83E9CFC8F949612B3D7621AF4F32BAE46F6C6DB670A49376A4DAB2F307EB2F9F973F6CE671DE0B1C747D2434A8BC1AE8FF000C8F0F8874DD9EC4F7098A4AAA1E9B0653CC75E87A1F29F36AD46A519BA7515A4B933AB19292BA33488D8403DBC03E5690B960A2E78903536E173CF89F7CCB93B59B075F743377988B7CDF83F8BE3EF3D728A37FF79EC78067F5679B6BE9DDE57B9CFC55B3E849A770AC2008020080200802008020100ED3B6C9F06150E8467AA6FC81F027A9058F4CA3EB693518DDDC96946EEE575434665F3CC3D8D7FF0010D2CA2C19E64C9CEC4E08820A7C906E53F0CBFE9EE9242A65D1EC56AB42FAC4F7078A6A6D9E93946E048D2F6E4C0F1B6BC785CF08C5E070D8D865AD1525C9F35DCF72B42A4E9BF6743B981DF2AB61DE5157079AB146B72F090413EAB3CB57FE21196B46ADBB24AFF55E45C8E3BFD9781D05DF3A441B52A818726CB6BFB54B5BDD398FF8A6353B5E2D763F348996369F69F3477D699BDE8560472F8BD74BE9E3FC6D33FF0013C6DF470F17E463D769F691CDABB50622A8AC29845B64B1B162335896239DF95C80071D67A5E19C1BD4E83551A936EFD8ADC95FEFA104B139EA2D343BDBA5B60606B06D1683596A8160A17807B701978DFA5E5DAB0BAB9BD485D685D12A15840100401004010040100C75EB2A2B3B101541662780005C9F740285C76D0A98AAB52B35D03B136FA5D02F965000279906D6E77611B2B16E2ACAC6B54A4108717D3424927C278F13A6B63E9336B6A6DB1B53632201AD8BC12D406F7048B665D0D88B7AFAC5DAD8D254E32DCD77A4EBC4661D57F2F11E9796635D7C4549E1E4B6D4C542D6D083A9E1D6FC3DB258DADA10055F131E440F782D7FC44CDB5063AC9F1750750D6F51356BD9681D93AFB0CA4754B7F71F6877F83A649BB27C5B5F8DD3404FB458FACA338E5958A7256763BF35351004010040100401008AF6955EA0C1353A4AECF59969F815988526EEDE106DE10DA9D2F6EB3682BC91B4772B35D9B5800050AA00D00EE9F41EE976EBA96EE8F4ECDAC74342ADBFA27FCB1997517462C36CEAE065342B7874BF755351C8FC9D7498525D4C26BA99BF4756FD456FE154FCB3399753375D47E8EADFA8ADFC2A9F96332EA2EBA8FD1D5BF515BF8553F2C665D45D7535AAEC9A8CF6386AD70357EEEA03E42F975E7A72F585249E8CD64A32DEC6B36CAC42B65EE2B91C41EEAA7B8D978FE3EF96A9564F46D14AAD3CAF4D8C78AD9988C8F6C3572729D3B9A9D0FECCDE552395EABC511599BFF00C426868D665EA293DC7B405D4798F773947325CCE9DD75273D991AB4EAD7A4F4EA2A3A8A8A59194675F03EA4712A69D87EC19056B5D34435AD74CB0A40422008020080200807FFFD9,
'2014-12-12','romario','123');
INSERT INTO `empleado` (`idEmpleado`,`nDNI`,`nombre`,`apellidoP`,`apellidoM`,`fechaNacimiento`,`telefono`,`seguroSocial`,`idCargo`,`idestado`,`foto`,`fechaIngreso`,`usuario`,`password`) VALUES ('EM0002','70236561','Juan ','Anton','Santa Maria','1995-10-10','555555555','11111111111','C00001',1,
_binary 0xFFD8FFE000104A46494600010100000100010000FFDB008400090607131212141412121516131617221918161717171A1C19181A171C181A1A1E1A1B1C282C181E2A1F1918223121262C2B32322F181F3F38332C37282D302E010A0A0A0E0D0E1B10101B2C2420242C342E34342C2C2C2F2C342F2C2D2C2C2C2C2C2D2C2C2C2C372C2C2C2C2C2C2C2C2C2C2C2C2C2C2F2C2C2C2C2C2C2C2C2C2DFFC000110800A000A003011100021101031101FFC4001C0001000203010101000000000000000000000607030405010208FFC400461000020102030505020A06080700000000010200031104122105063141510713226181719114233233425272A1B1D21553629293B27382A2B3C1C2D1F116345463C3D3E1FFC4001B01010002030101000000000000000000000003040102050607FFC4003411000201020403040A0202030000000000000102031104122131054151617191D1131422324281A1B1C1F006E115521623F1FFDA000C03010002110311003F00BC600802008020080201A14F6CD13886C36702BAA86C8742548BDD6FF2BD384C5D5EC2DCCDAC462129A97A8EA8838B31000F693C264116C7F691B3E91B0AAD50FF00DB4661EFB5BEF91BAB05CCDD5393E471DFB5EC303A617147CFE207E3566BE9E06FE86464A1DADE109F161F1283A9148FF2D4263D3C3A98F4323B5B3FB41D9F574188087A55564FBD85A6EAA45ECCD5C24B744968D55750C8C194EA1948208EA08E337343EE008020080200802008020080200804477B77FE8602A0A4F4AB3D46170028553A727720379E5BDB9CD273505766F08396C553BD5BD0F8CC52625299A0F4D54215A998DD599835F2AD8F8AD6D7879DA55A95B334E3C8B10A764D339BB676B56C5BF7988A86A30F920FC94FB2BC17DA3591CEA4A5B9B460A3B1A5343710040100DBD93B4EB615B3E1EAB5224DC853E163FB4BC1BDA45E6F1A928ECCD6508CB72CBDD6ED4D588A78E50879574BE53F6D7E872D41238FC9E76A15D3D1E8579D16B62CBA750300CA41522E0837041E0411C449C84FA80200802008020080200807CD5A814166202817249B0006A493C840296DFEDFB38CCD4280B61B81623C556DCF51E05E9CCF970952AD6BE912CD3A5CE441E5627100401004010040100946E4EF9D5C036537A98663E2A77D53AB2743D5781F2327A55B2E8F622A94B36AB72F3C06329D6A6B5293064717561CC4BA543620080200802008020080541DABEF51AB50E0E935A927CF11F4DF884FB2BCFA93FB3AD5AF53E1458A30F8995DCAA58100401004010040100401009B765DBCC70D88142A37C4576005CE8954E8A474CDA291D72F9DECD0A9F0B20AD0BFB48BB65B2B0802008020080201C9DEBDADF04C256ADA6655F083CDCE8BF7913127955CCA57763F390BF32493A927524937249E649B927CE735B6DDD97ED6130040100401004010040100403C75B823AF4D3EFE517B0DCFD1DBA9B48E270742B37CA7419BED0D1BD9A833A71775728356763AD32604010040100402B7EDB31D96861E883F3950B91D56928FF33D33E920C43B409A8AF68A92522D080201E3301A9361002B5FFF00B00F60080200802008020179764E4FE8DA77FAEF6F67786D3A147DC452A9EFB26324341004010040100A87B6D7BE230A3EAD273FBEE9FF00AE56C4BD122C50E65752A16040100DBD85B1CE2710133D858B13941CAA05B4D7A902FE72BE2F14B0F4B3DB5D828DD9D3DA9B9989A6C7BB26AA72CB955BD841E7E60FBA55A1C5A8CD7B7ECBF146CE124739761E2469F07ABEEBFF008CB5EBB877F1A31959ED5D8F88452EF4591071662A07E3C7CA6238CA129658CAEFB2E1A68E7D36245C8B794B4CC1EB3816B9E3C262C0F6008078EE0024F002E7D201FA33743669C360E8526166541987463E261E8491E93A7156491424EEEE76264C080200802008053FDB5ADB13873D68B0FDD71F984AB895B3FDE458A1CFF7A95E4AA5810040273B9BB3DA9206E1531166BFD4A29C3D58B7F687D59E778957556797E1869DF27E56FDB92417D4974E3928807236BEEE51C4B87A86A5C0B001CD87B17803D4F19770F8EAB4239616F0D7C4D1C13772338CDC1A97269570CBC83DD48F2CCA086F72CEA53E351B5AA42CFB3C9F9B3474DF2662A1B895EFF2A8ADF89BB93FCBAFA99BCB8CD1E49BF0F330A9B3DDA9BBC984A60B77B88AADA284A6C29823E9305CC6C2FC0B6B31471F3C4CECAD08ADEED5FB95EDF6D04A3948B9464210A38200F96194DADA139B533AEA5192BA69F76BF634EC275D97EEA9C4D6188AABF1145AEB71F39554DC5BC948B93D6C3ADACD0A7F1321AD3B7B28BAE5B2B080200802008020155F6E187D7075790EF69FAB8A6E3EEA6D2BE23DD27A1BB2B094CB2201DCDD3D863135097B7754ED987D72750B6E9A6BEEE739DC4718E8432C7DE7F4EDEFE86D18E665A5B17638AEF59CD47520AA59426AA1338E2A4F1A8F23E15C3686270EA552FA37CEDD08ABD694276475CEECAFEBAAFF0063F2CE9FF83C1FFABF1643EB350C357765FE8623F894C37F214B7DF2BCFF008FE1DFBB292F07F8FC9BAC54B9A46862766D7A7AB52CC3AD339FEEB03EE07D673311C02BD3D69B52FA3F0DBEA4D1C545EFA1C6C25CD6A8AA7E2D407B0E259CB29074D0034D8DB8DDB5B65D797556482CEAD2D56BA6D67F9FA76E934757A6C74729E92AE65D4DC4C8393B4F772962F1187EF599573146CBA16520B05BF2F10E3C833759DDE05557A674A5B357F9AFEBEC8AF88BA8E6459985C3253454A6A151459540B00070027B139C658020080200802008042FB57D9C6BE0D420BD45ACA5069A93743C7F659A57C54E30A4E537648968DF3AB15C26E3E22D7352903D2EE7EFCBFEB3CE3E334AFA45DBE5E65EF46C8E6370CF46AB52A8B66500F5BE6CDA83CC693A74AAC2AD35383D19A73B127ECE6B5AAD7427E522B01F619837F78BEE9C9E350BC212E8DAF1B5BECCDE9EECB1763E3450AD998DA9D401589E0AC09C8DE43C4CA4FD9E936E018C8C24E84BE2D577F35F3D2DDDDA458AA77599722653D6144403E6A25C11722E2D706C45FA1E46015D7671B9F80C38AF4D4AE24BBE656AC884945160CB71665B93E21D475122A75A9D46D41A6E3A3EC36716B7E64D7F40613FE9685FA8A480FBEDA495FB4ACF5355A6C6BE2376A91F9B67A67C9B30FDD6BCE7D7E1785ADBC127D569F6D09635E71E646712DDD626961DEA536AD9D18043A95CE3534C92534BF33ED9CBA1C1EA61B150A9079A37EE6B47FBA7813CB10A7069EE5813D214C4010040100401004022DBDAE7BFC3AFD1EEEAB7F58351507DCEE3D4CE07F21935422B9397E196B08BDA7DC4731552A8A87BB3982A6764206A0DC2AA9D2C4E5737248F0816F15C798828387B5A5DD93FBB7E2BF559DC77BE8453B464B55A0D6F954D85FEC329FF00C9F8CECF057EC4D746BEB7F234A9B9C7DD9C6F738AA4C7E49390FB1FC23EFB4BB8FA3E970F24B75AF87F46B17665A644F245836303B46B5000210E83853A848B0E8AE012A3C886E02D69DEC271EA94D65ACB32EBCFFBFA77956A6153D63A1D1FF89CDBFE5DAFF6D2DEFBDFEE9D3FF3F85B6D2F05E643EAB3EC39D8FDA35AB82B532A5322C69A12D98730CE40CC0F40ABC48379CDC671EA95165A2B2AEBCFE5D3EBF226A7854B596A6ABD306D7E46E08D083D411A83E6270E9559D296683B3EC2CB4A4ACCDCA5B531282CB541FE9133FF002B293EF9DBA3FC82BC55A7152FA3FCAFA15A5858BD9D8EAECADBE5D853AC8118E8ACA6EAE6DC35D51BCB5F699DCC0F15A58B7952CB2E8FF0FF00F0AD5684A1AEE8D3FF008770B5B68AE396983569295356E6CCD62A028E06C0B5DBD835D6DD3212530040100401004010040201DAAEDEF829C2055CCE5D9C8E6692AE5700F237A8845FEAFA8A1C4B0F1AF43D1BF976327C3B6A57460D9D8EA55D7BCA4C18702798E7958710753A1EB3C356A3528CB24D5BF791D14D3D51A9BCBB1BE154B28215D4E642785ED620DB91048FF69360B14F0F5335AE9E8CC4A37457F8DDDBC4ADD5A833022D74B3020FB0DE7A3A7C430F2D54D2EFD085C5F34593B1EBBBD1A6D514AD42A338616398684DBCF8FACF2D888461564A0EEAFA771345B6B5372426C200802008063C452CE025AE5D95403D4B0F7DB8FA4BDC3632962E9A8F5BFC96FF00423ACD283B93F45000000006800E004FA01CA3D80200802008020080201407683B6862F1B5190DE9D3F8A43C88526E479162DE96946BCB34ADD0B746368DFA9F7D9ED3BE26A374A441F575B7E0D385C665FF004C576FE19629FBC5813CE131EC03C8020080201F3569861637B79120FBC19B26D3BA3060F8211C2AD41EAA7F1066FE91738A163BFBA1835B3BB5DAA2B950CC6F60403A0E038F19EC782D3A7EAEAA4629377BBEE673F10DE7B3649A760AE2008020080200802015FF0069DBE230E870B41AF5EA0B3B03F3484797D33C872D4F4BC556A645DA4B4E9E67AEC536A2C2C340394A05B269D9BD0FF98A9D4A27EE8673FDE2FBA70B8D4F5843BDF8D97E0929ADD98FB57DBB5B0B87A4283146AAC4171C40500D81E44DF8F919A704C253AF564EA2BE55B779A6266E3156E673770BB49C125014768D17351786214B3330BDFC7621AE3A8BDFCA7AD786A2D65708DBB91433CBAB2D0A5831529262308E6BE1EA28603E9AFB0FD2F35362083A9E03878EE05192CF87D1F4E5F2E9F6EE2CD3C4B5A4CD7A55430BA9B8E1EC238823911D0EB3CBD4A72A72719AB35D4BA9A6AE8FA9A191004010090EE927C4B37D7A8C47B01CBFE59EF784D370C1C13E6AFE3A9CBAEEF519DB9D122100401004010040100AF37AFB314AF51AB616A8A551C9674704A331D49046B4C93A9F943C87190CE8A93BF32585571D0AEF6FEE962F06B9AB531909CA19195812780B71E4797290FAB546ED1572655A1CC97EE6617BBC253EAF77FDE371F75A78CE25533E265D9A787F65BA7EE9EEF8EEF2E3B0CD489CAE0E646E8E3AF910483ED9AE0318F0B594D6AB67DC62AD3CF1B15162B73421642EEB51788603D0E9C8D8EA2F3D8D3C729C54A3AA623C3E9CE378C9DCC7B1F17B4F001BE0B5AA22DFC4A841048E790DC136035B709695783E654960EB475B5FB8B4B6576A5B37174C36333E17176B33D352C1ADC0DC0208F271A5EC2F34C4E128E26396AC6FF75DCC82152507A125D9CC6BD15AF40AE228B70A94B43E61A931BA30E809E1CB84F378AE01523AD1799747A3F27F42DC3149FBDA1ED2AEAC4807C4BF297832FDA53AAFA89C3AB46A5276A9169F696A3252D8C922327A21824DBAE6F85A5D2C729EA998E43E60ADB5E73E8F85CDE8219F7CAAFE072276CCEC7564E6A200802008020080201C2DE0DEBC3E10E572CF52D7EED002D6E572480BEA44DA3072D8DA3172D8A8F7D3781F1D54B3277629A9445CF7B660199B3651958F847036CA38CE8E169B8C64D3D7A91D55965664D766E252AD247A5F3654651C2C2D6CB6E4470B794F9257A3528D4953A9EF27AFEF6EE7663252575B1B12136357686CEA55C0155035B81E056FC6C46A24D46BD4A2EF0760B477445F1BB9CEA49A35030FAAFE161FD71A37A81ED33AF4B8BC5E95236ED5E5FDFC89E38892DD5FF7F7A15F6F9EEBD7422A0C3D4BF07CAB987DABADEDEBE53B983C7D19ACB9D7CF4FB9471B08CAD386FCFCC97F635B2B261DF102A540F55B2D95D94054EA01F11B93C6F61C2D7339DC638957A35953A4ED65E3721C3D18CA379168ECAD9CF5699A8CB4EBA97364ACCC5908F0964A8736526C7C2001A8371ADFADC3D549E193AD2CD9B5E5B3E44156CA7ECE963668EEDE66BB5E9201A2255672C7A92C3C36D7417BE9A8E11538560E6EEE9AF969F60ABD45CCDB4DD8A3F4CBD41F55DBC27C8A80330F23334785E1694B3461AF6DDFDC4AB4E4ACD9DB97C884010040100401004031E26BAD3467721514166279002E4C0287A98A3559EA9BDEA3B31BF1D58E87D82C3D25E82B4522E4559239DB4E87D2E5C1C7551A83E9CFC8F949612B3D7621AF4F32BAE46F6C6DB670A49376A4DAB2F307EB2F9F973F6CE671DE0B1C747D2434A8BC1AE8FF000C8F0F8874DD9EC4F7098A4AAA1E9B0653CC75E87A1F29F36AD46A519BA7515A4B933AB19292BA33488D8403DBC03E5690B960A2E78903536E173CF89F7CCB93B59B075F743377988B7CDF83F8BE3EF3D728A37FF79EC78067F5679B6BE9DDE57B9CFC55B3E849A770AC2008020080200802008020100ED3B6C9F06150E8467AA6FC81F027A9058F4CA3EB693518DDDC96946EEE575434665F3CC3D8D7FF0010D2CA2C19E64C9CEC4E08820A7C906E53F0CBFE9EE9242A65D1EC56AB42FAC4F7078A6A6D9E93946E048D2F6E4C0F1B6BC785CF08C5E070D8D865AD1525C9F35DCF72B42A4E9BF6743B981DF2AB61DE5157079AB146B72F090413EAB3CB57FE21196B46ADBB24AFF55E45C8E3BFD9781D05DF3A441B52A818726CB6BFB54B5BDD398FF8A6353B5E2D763F348996369F69F3477D699BDE8560472F8BD74BE9E3FC6D33FF0013C6DF470F17E463D769F691CDABB50622A8AC29845B64B1B162335896239DF95C80071D67A5E19C1BD4E83551A936EFD8ADC95FEFA104B139EA2D343BDBA5B60606B06D1683596A8160A17807B701978DFA5E5DAB0BAB9BD485D685D12A15840100401004010040100C75EB2A2B3B101541662780005C9F740285C76D0A98AAB52B35D03B136FA5D02F965000279906D6E77611B2B16E2ACAC6B54A4108717D3424927C278F13A6B63E9336B6A6DB1B53632201AD8BC12D406F7048B665D0D88B7AFAC5DAD8D254E32DCD77A4EBC4661D57F2F11E9796635D7C4549E1E4B6D4C542D6D083A9E1D6FC3DB258DADA10055F131E440F782D7FC44CDB5063AC9F1750750D6F51356BD9681D93AFB0CA4754B7F71F6877F83A649BB27C5B5F8DD3404FB458FACA338E5958A7256763BF35351004010040100401008AF6955EA0C1353A4AECF59969F815988526EEDE106DE10DA9D2F6EB3682BC91B4772B35D9B5800050AA00D00EE9F41EE976EBA96EE8F4ECDAC74342ADBFA27FCB1997517462C36CEAE065342B7874BF755351C8FC9D7498525D4C26BA99BF4756FD456FE154FCB3399753375D47E8EADFA8ADFC2A9F96332EA2EBA8FD1D5BF515BF8553F2C665D45D7535AAEC9A8CF6386AD70357EEEA03E42F975E7A72F585249E8CD64A32DEC6B36CAC42B65EE2B91C41EEAA7B8D978FE3EF96A9564F46D14AAD3CAF4D8C78AD9988C8F6C3572729D3B9A9D0FECCDE552395EABC511599BFF00C426868D665EA293DC7B405D4798F773947325CCE9DD75273D991AB4EAD7A4F4EA2A3A8A8A59194675F03EA4712A69D87EC19056B5D34435AD74CB0A40422008020080200807FFFD9,
'2014-12-12','anton','123');
INSERT INTO `empleado` (`idEmpleado`,`nDNI`,`nombre`,`apellidoP`,`apellidoM`,`fechaNacimiento`,`telefono`,`seguroSocial`,`idCargo`,`idestado`,`foto`,`fechaIngreso`,`usuario`,`password`) VALUES ('EM0003','70236561','Javier','Huaman','Adama','1995-10-10','555-555-555','11111111111','C00001',2,
_binary 0xFFD8FFE000104A46494600010100000100010000FFDB008400090607131212141412121516131617221918161717171A1C19181A171C181A1A1E1A1B1C282C181E2A1F1918223121262C2B32322F181F3F38332C37282D302E010A0A0A0E0D0E1B10101B2C2420242C342E34342C2C2C2F2C342F2C2D2C2C2C2C2C2D2C2C2C2C372C2C2C2C2C2C2C2C2C2C2C2C2C2C2F2C2C2C2C2C2C2C2C2C2DFFC000110800A000A003011100021101031101FFC4001C0001000203010101000000000000000000000607030405010208FFC400461000020102030505020A06080700000000010200031104122105063141510713226181719114233233425272A1B1D21553629293B27382A2B3C1C2D1F116345463C3D3E1FFC4001B01010002030101000000000000000000000003040102050607FFC4003411000201020403040A0202030000000000000102031104122131054151617191D1131422324281A1B1C1F006E115521623F1FFDA000C03010002110311003F00BC600802008020080201A14F6CD13886C36702BAA86C8742548BDD6FF2BD384C5D5EC2DCCDAC462129A97A8EA8838B31000F693C264116C7F691B3E91B0AAD50FF00DB4661EFB5BEF91BAB05CCDD5393E471DFB5EC303A617147CFE207E3566BE9E06FE86464A1DADE109F161F1283A9148FF2D4263D3C3A98F4323B5B3FB41D9F574188087A55564FBD85A6EAA45ECCD5C24B744968D55750C8C194EA1948208EA08E337343EE008020080200802008020080200804477B77FE8602A0A4F4AB3D46170028553A727720379E5BDB9CD273505766F08396C553BD5BD0F8CC52625299A0F4D54215A998DD599835F2AD8F8AD6D7879DA55A95B334E3C8B10A764D339BB676B56C5BF7988A86A30F920FC94FB2BC17DA3591CEA4A5B9B460A3B1A5343710040100DBD93B4EB615B3E1EAB5224DC853E163FB4BC1BDA45E6F1A928ECCD6508CB72CBDD6ED4D588A78E50879574BE53F6D7E872D41238FC9E76A15D3D1E8579D16B62CBA750300CA41522E0837041E0411C449C84FA80200802008020080200807CD5A814166202817249B0006A493C840296DFEDFB38CCD4280B61B81623C556DCF51E05E9CCF970952AD6BE912CD3A5CE441E5627100401004010040100946E4EF9D5C036537A98663E2A77D53AB2743D5781F2327A55B2E8F622A94B36AB72F3C06329D6A6B5293064717561CC4BA543620080200802008020080541DABEF51AB50E0E935A927CF11F4DF884FB2BCFA93FB3AD5AF53E1458A30F8995DCAA58100401004010040100401009B765DBCC70D88142A37C4576005CE8954E8A474CDA291D72F9DECD0A9F0B20AD0BFB48BB65B2B0802008020080201C9DEBDADF04C256ADA6655F083CDCE8BF7913127955CCA57763F390BF32493A927524937249E649B927CE735B6DDD97ED6130040100401004010040100403C75B823AF4D3EFE517B0DCFD1DBA9B48E270742B37CA7419BED0D1BD9A833A71775728356763AD32604010040100402B7EDB31D96861E883F3950B91D56928FF33D33E920C43B409A8AF68A92522D080201E3301A9361002B5FFF00B00F60080200802008020179764E4FE8DA77FAEF6F67786D3A147DC452A9EFB26324341004010040100A87B6D7BE230A3EAD273FBEE9FF00AE56C4BD122C50E65752A16040100DBD85B1CE2710133D858B13941CAA05B4D7A902FE72BE2F14B0F4B3DB5D828DD9D3DA9B9989A6C7BB26AA72CB955BD841E7E60FBA55A1C5A8CD7B7ECBF146CE124739761E2469F07ABEEBFF008CB5EBB877F1A31959ED5D8F88452EF4591071662A07E3C7CA6238CA129658CAEFB2E1A68E7D36245C8B794B4CC1EB3816B9E3C262C0F6008078EE0024F002E7D201FA33743669C360E8526166541987463E261E8491E93A7156491424EEEE76264C080200802008053FDB5ADB13873D68B0FDD71F984AB895B3FDE458A1CFF7A95E4AA5810040273B9BB3DA9206E1531166BFD4A29C3D58B7F687D59E778957556797E1869DF27E56FDB92417D4974E3928807236BEEE51C4B87A86A5C0B001CD87B17803D4F19770F8EAB4239616F0D7C4D1C13772338CDC1A97269570CBC83DD48F2CCA086F72CEA53E351B5AA42CFB3C9F9B3474DF2662A1B895EFF2A8ADF89BB93FCBAFA99BCB8CD1E49BF0F330A9B3DDA9BBC984A60B77B88AADA284A6C29823E9305CC6C2FC0B6B31471F3C4CECAD08ADEED5FB95EDF6D04A3948B9464210A38200F96194DADA139B533AEA5192BA69F76BF634EC275D97EEA9C4D6188AABF1145AEB71F39554DC5BC948B93D6C3ADACD0A7F1321AD3B7B28BAE5B2B080200802008020155F6E187D7075790EF69FAB8A6E3EEA6D2BE23DD27A1BB2B094CB2201DCDD3D863135097B7754ED987D72750B6E9A6BEEE739DC4718E8432C7DE7F4EDEFE86D18E665A5B17638AEF59CD47520AA59426AA1338E2A4F1A8F23E15C3686270EA552FA37CEDD08ABD694276475CEECAFEBAAFF0063F2CE9FF83C1FFABF1643EB350C357765FE8623F894C37F214B7DF2BCFF008FE1DFBB292F07F8FC9BAC54B9A46862766D7A7AB52CC3AD339FEEB03EE07D673311C02BD3D69B52FA3F0DBEA4D1C545EFA1C6C25CD6A8AA7E2D407B0E259CB29074D0034D8DB8DDB5B65D797556482CEAD2D56BA6D67F9FA76E934757A6C74729E92AE65D4DC4C8393B4F772962F1187EF599573146CBA16520B05BF2F10E3C833759DDE05557A674A5B357F9AFEBEC8AF88BA8E6459985C3253454A6A151459540B00070027B139C658020080200802008042FB57D9C6BE0D420BD45ACA5069A93743C7F659A57C54E30A4E537648968DF3AB15C26E3E22D7352903D2EE7EFCBFEB3CE3E334AFA45DBE5E65EF46C8E6370CF46AB52A8B66500F5BE6CDA83CC693A74AAC2AD35383D19A73B127ECE6B5AAD7427E522B01F619837F78BEE9C9E350BC212E8DAF1B5BECCDE9EECB1763E3450AD998DA9D401589E0AC09C8DE43C4CA4FD9E936E018C8C24E84BE2D577F35F3D2DDDDA458AA77599722653D6144403E6A25C11722E2D706C45FA1E46015D7671B9F80C38AF4D4AE24BBE656AC884945160CB71665B93E21D475122A75A9D46D41A6E3A3EC36716B7E64D7F40613FE9685FA8A480FBEDA495FB4ACF5355A6C6BE2376A91F9B67A67C9B30FDD6BCE7D7E1785ADBC127D569F6D09635E71E646712DDD626961DEA536AD9D18043A95CE3534C92534BF33ED9CBA1C1EA61B150A9079A37EE6B47FBA7813CB10A7069EE5813D214C4010040100401004022DBDAE7BFC3AFD1EEEAB7F58351507DCEE3D4CE07F21935422B9397E196B08BDA7DC4731552A8A87BB3982A6764206A0DC2AA9D2C4E5737248F0816F15C798828387B5A5DD93FBB7E2BF559DC77BE8453B464B55A0D6F954D85FEC329FF00C9F8CECF057EC4D746BEB7F234A9B9C7DD9C6F738AA4C7E49390FB1FC23EFB4BB8FA3E970F24B75AF87F46B17665A644F245836303B46B5000210E83853A848B0E8AE012A3C886E02D69DEC271EA94D65ACB32EBCFFBFA77956A6153D63A1D1FF89CDBFE5DAFF6D2DEFBDFEE9D3FF3F85B6D2F05E643EAB3EC39D8FDA35AB82B532A5322C69A12D98730CE40CC0F40ABC48379CDC671EA95165A2B2AEBCFE5D3EBF226A7854B596A6ABD306D7E46E08D083D411A83E6270E9559D296683B3EC2CB4A4ACCDCA5B531282CB541FE9133FF002B293EF9DBA3FC82BC55A7152FA3FCAFA15A5858BD9D8EAECADBE5D853AC8118E8ACA6EAE6DC35D51BCB5F699DCC0F15A58B7952CB2E8FF0FF00F0AD5684A1AEE8D3FF008770B5B68AE396983569295356E6CCD62A028E06C0B5DBD835D6DD3212530040100401004010040201DAAEDEF829C2055CCE5D9C8E6692AE5700F237A8845FEAFA8A1C4B0F1AF43D1BF976327C3B6A57460D9D8EA55D7BCA4C18702798E7958710753A1EB3C356A3528CB24D5BF791D14D3D51A9BCBB1BE154B28215D4E642785ED620DB91048FF69360B14F0F5335AE9E8CC4A37457F8DDDBC4ADD5A833022D74B3020FB0DE7A3A7C430F2D54D2EFD085C5F34593B1EBBBD1A6D514AD42A338616398684DBCF8FACF2D888461564A0EEAFA771345B6B5372426C200802008063C452CE025AE5D95403D4B0F7DB8FA4BDC3632962E9A8F5BFC96FF00423ACD283B93F45000000006800E004FA01CA3D80200802008020080201407683B6862F1B5190DE9D3F8A43C88526E479162DE96946BCB34ADD0B746368DFA9F7D9ED3BE26A374A441F575B7E0D385C665FF004C576FE19629FBC5813CE131EC03C8020080201F3569861637B79120FBC19B26D3BA3060F8211C2AD41EAA7F1066FE91738A163BFBA1835B3BB5DAA2B950CC6F60403A0E038F19EC782D3A7EAEAA4629377BBEE673F10DE7B3649A760AE2008020080200802015FF0069DBE230E870B41AF5EA0B3B03F3484797D33C872D4F4BC556A645DA4B4E9E67AEC536A2C2C340394A05B269D9BD0FF98A9D4A27EE8673FDE2FBA70B8D4F5843BDF8D97E0929ADD98FB57DBB5B0B87A4283146AAC4171C40500D81E44DF8F919A704C253AF564EA2BE55B779A6266E3156E673770BB49C125014768D17351786214B3330BDFC7621AE3A8BDFCA7AD786A2D65708DBB91433CBAB2D0A5831529262308E6BE1EA28603E9AFB0FD2F35362083A9E03878EE05192CF87D1F4E5F2E9F6EE2CD3C4B5A4CD7A55430BA9B8E1EC238823911D0EB3CBD4A72A72719AB35D4BA9A6AE8FA9A191004010090EE927C4B37D7A8C47B01CBFE59EF784D370C1C13E6AFE3A9CBAEEF519DB9D122100401004010040100AF37AFB314AF51AB616A8A551C9674704A331D49046B4C93A9F943C87190CE8A93BF32585571D0AEF6FEE962F06B9AB531909CA19195812780B71E4797290FAB546ED1572655A1CC97EE6617BBC253EAF77FDE371F75A78CE25533E265D9A787F65BA7EE9EEF8EEF2E3B0CD489CAE0E646E8E3AF910483ED9AE0318F0B594D6AB67DC62AD3CF1B15162B73421642EEB51788603D0E9C8D8EA2F3D8D3C729C54A3AA623C3E9CE378C9DCC7B1F17B4F001BE0B5AA22DFC4A841048E790DC136035B709695783E654960EB475B5FB8B4B6576A5B37174C36333E17176B33D352C1ADC0DC0208F271A5EC2F34C4E128E26396AC6FF75DCC82152507A125D9CC6BD15AF40AE228B70A94B43E61A931BA30E809E1CB84F378AE01523AD1799747A3F27F42DC3149FBDA1ED2AEAC4807C4BF297832FDA53AAFA89C3AB46A5276A9169F696A3252D8C922327A21824DBAE6F85A5D2C729EA998E43E60ADB5E73E8F85CDE8219F7CAAFE072276CCEC7564E6A200802008020080201C2DE0DEBC3E10E572CF52D7EED002D6E572480BEA44DA3072D8DA3172D8A8F7D3781F1D54B3277629A9445CF7B660199B3651958F847036CA38CE8E169B8C64D3D7A91D55965664D766E252AD247A5F3654651C2C2D6CB6E4470B794F9257A3528D4953A9EF27AFEF6EE7663252575B1B12136357686CEA55C0155035B81E056FC6C46A24D46BD4A2EF0760B477445F1BB9CEA49A35030FAAFE161FD71A37A81ED33AF4B8BC5E95236ED5E5FDFC89E38892DD5FF7F7A15F6F9EEBD7422A0C3D4BF07CAB987DABADEDEBE53B983C7D19ACB9D7CF4FB9471B08CAD386FCFCC97F635B2B261DF102A540F55B2D95D94054EA01F11B93C6F61C2D7339DC638957A35953A4ED65E3721C3D18CA379168ECAD9CF5699A8CB4EBA97364ACCC5908F0964A8736526C7C2001A8371ADFADC3D549E193AD2CD9B5E5B3E44156CA7ECE963668EEDE66BB5E9201A2255672C7A92C3C36D7417BE9A8E11538560E6EEE9AF969F60ABD45CCDB4DD8A3F4CBD41F55DBC27C8A80330F23334785E1694B3461AF6DDFDC4AB4E4ACD9DB97C884010040100401004031E26BAD3467721514166279002E4C0287A98A3559EA9BDEA3B31BF1D58E87D82C3D25E82B4522E4559239DB4E87D2E5C1C7551A83E9CFC8F949612B3D7621AF4F32BAE46F6C6DB670A49376A4DAB2F307EB2F9F973F6CE671DE0B1C747D2434A8BC1AE8FF000C8F0F8874DD9EC4F7098A4AAA1E9B0653CC75E87A1F29F36AD46A519BA7515A4B933AB19292BA33488D8403DBC03E5690B960A2E78903536E173CF89F7CCB93B59B075F743377988B7CDF83F8BE3EF3D728A37FF79EC78067F5679B6BE9DDE57B9CFC55B3E849A770AC2008020080200802008020100ED3B6C9F06150E8467AA6FC81F027A9058F4CA3EB693518DDDC96946EEE575434665F3CC3D8D7FF0010D2CA2C19E64C9CEC4E08820A7C906E53F0CBFE9EE9242A65D1EC56AB42FAC4F7078A6A6D9E93946E048D2F6E4C0F1B6BC785CF08C5E070D8D865AD1525C9F35DCF72B42A4E9BF6743B981DF2AB61DE5157079AB146B72F090413EAB3CB57FE21196B46ADBB24AFF55E45C8E3BFD9781D05DF3A441B52A818726CB6BFB54B5BDD398FF8A6353B5E2D763F348996369F69F3477D699BDE8560472F8BD74BE9E3FC6D33FF0013C6DF470F17E463D769F691CDABB50622A8AC29845B64B1B162335896239DF95C80071D67A5E19C1BD4E83551A936EFD8ADC95FEFA104B139EA2D343BDBA5B60606B06D1683596A8160A17807B701978DFA5E5DAB0BAB9BD485D685D12A15840100401004010040100C75EB2A2B3B101541662780005C9F740285C76D0A98AAB52B35D03B136FA5D02F965000279906D6E77611B2B16E2ACAC6B54A4108717D3424927C278F13A6B63E9336B6A6DB1B53632201AD8BC12D406F7048B665D0D88B7AFAC5DAD8D254E32DCD77A4EBC4661D57F2F11E9796635D7C4549E1E4B6D4C542D6D083A9E1D6FC3DB258DADA10055F131E440F782D7FC44CDB5063AC9F1750750D6F51356BD9681D93AFB0CA4754B7F71F6877F83A649BB27C5B5F8DD3404FB458FACA338E5958A7256763BF35351004010040100401008AF6955EA0C1353A4AECF59969F815988526EEDE106DE10DA9D2F6EB3682BC91B4772B35D9B5800050AA00D00EE9F41EE976EBA96EE8F4ECDAC74342ADBFA27FCB1997517462C36CEAE065342B7874BF755351C8FC9D7498525D4C26BA99BF4756FD456FE154FCB3399753375D47E8EADFA8ADFC2A9F96332EA2EBA8FD1D5BF515BF8553F2C665D45D7535AAEC9A8CF6386AD70357EEEA03E42F975E7A72F585249E8CD64A32DEC6B36CAC42B65EE2B91C41EEAA7B8D978FE3EF96A9564F46D14AAD3CAF4D8C78AD9988C8F6C3572729D3B9A9D0FECCDE552395EABC511599BFF00C426868D665EA293DC7B405D4798F773947325CCE9DD75273D991AB4EAD7A4F4EA2A3A8A8A59194675F03EA4712A69D87EC19056B5D34435AD74CB0A40422008020080200807FFFD9,
'2014-12-12','hetaki','123');
INSERT INTO `empleado` (`idEmpleado`,`nDNI`,`nombre`,`apellidoP`,`apellidoM`,`fechaNacimiento`,`telefono`,`seguroSocial`,`idCargo`,`idestado`,`foto`,`fechaIngreso`,`usuario`,`password`) VALUES ('EM0004','70236561','Miguel','Llamoca','Llamoca','1995-10-10','555555555','11111111111','C00001',1,
_binary 0xFFD8FFE000104A46494600010100000100010000FFDB008400090607131212141412121516131617221918161717171A1C19181A171C181A1A1E1A1B1C282C181E2A1F1918223121262C2B32322F181F3F38332C37282D302E010A0A0A0E0D0E1B10101B2C2420242C342E34342C2C2C2F2C342F2C2D2C2C2C2C2C2D2C2C2C2C372C2C2C2C2C2C2C2C2C2C2C2C2C2C2F2C2C2C2C2C2C2C2C2C2DFFC000110800A000A003011100021101031101FFC4001C0001000203010101000000000000000000000607030405010208FFC400461000020102030505020A06080700000000010200031104122105063141510713226181719114233233425272A1B1D21553629293B27382A2B3C1C2D1F116345463C3D3E1FFC4001B01010002030101000000000000000000000003040102050607FFC4003411000201020403040A0202030000000000000102031104122131054151617191D1131422324281A1B1C1F006E115521623F1FFDA000C03010002110311003F00BC600802008020080201A14F6CD13886C36702BAA86C8742548BDD6FF2BD384C5D5EC2DCCDAC462129A97A8EA8838B31000F693C264116C7F691B3E91B0AAD50FF00DB4661EFB5BEF91BAB05CCDD5393E471DFB5EC303A617147CFE207E3566BE9E06FE86464A1DADE109F161F1283A9148FF2D4263D3C3A98F4323B5B3FB41D9F574188087A55564FBD85A6EAA45ECCD5C24B744968D55750C8C194EA1948208EA08E337343EE008020080200802008020080200804477B77FE8602A0A4F4AB3D46170028553A727720379E5BDB9CD273505766F08396C553BD5BD0F8CC52625299A0F4D54215A998DD599835F2AD8F8AD6D7879DA55A95B334E3C8B10A764D339BB676B56C5BF7988A86A30F920FC94FB2BC17DA3591CEA4A5B9B460A3B1A5343710040100DBD93B4EB615B3E1EAB5224DC853E163FB4BC1BDA45E6F1A928ECCD6508CB72CBDD6ED4D588A78E50879574BE53F6D7E872D41238FC9E76A15D3D1E8579D16B62CBA750300CA41522E0837041E0411C449C84FA80200802008020080200807CD5A814166202817249B0006A493C840296DFEDFB38CCD4280B61B81623C556DCF51E05E9CCF970952AD6BE912CD3A5CE441E5627100401004010040100946E4EF9D5C036537A98663E2A77D53AB2743D5781F2327A55B2E8F622A94B36AB72F3C06329D6A6B5293064717561CC4BA543620080200802008020080541DABEF51AB50E0E935A927CF11F4DF884FB2BCFA93FB3AD5AF53E1458A30F8995DCAA58100401004010040100401009B765DBCC70D88142A37C4576005CE8954E8A474CDA291D72F9DECD0A9F0B20AD0BFB48BB65B2B0802008020080201C9DEBDADF04C256ADA6655F083CDCE8BF7913127955CCA57763F390BF32493A927524937249E649B927CE735B6DDD97ED6130040100401004010040100403C75B823AF4D3EFE517B0DCFD1DBA9B48E270742B37CA7419BED0D1BD9A833A71775728356763AD32604010040100402B7EDB31D96861E883F3950B91D56928FF33D33E920C43B409A8AF68A92522D080201E3301A9361002B5FFF00B00F60080200802008020179764E4FE8DA77FAEF6F67786D3A147DC452A9EFB26324341004010040100A87B6D7BE230A3EAD273FBEE9FF00AE56C4BD122C50E65752A16040100DBD85B1CE2710133D858B13941CAA05B4D7A902FE72BE2F14B0F4B3DB5D828DD9D3DA9B9989A6C7BB26AA72CB955BD841E7E60FBA55A1C5A8CD7B7ECBF146CE124739761E2469F07ABEEBFF008CB5EBB877F1A31959ED5D8F88452EF4591071662A07E3C7CA6238CA129658CAEFB2E1A68E7D36245C8B794B4CC1EB3816B9E3C262C0F6008078EE0024F002E7D201FA33743669C360E8526166541987463E261E8491E93A7156491424EEEE76264C080200802008053FDB5ADB13873D68B0FDD71F984AB895B3FDE458A1CFF7A95E4AA5810040273B9BB3DA9206E1531166BFD4A29C3D58B7F687D59E778957556797E1869DF27E56FDB92417D4974E3928807236BEEE51C4B87A86A5C0B001CD87B17803D4F19770F8EAB4239616F0D7C4D1C13772338CDC1A97269570CBC83DD48F2CCA086F72CEA53E351B5AA42CFB3C9F9B3474DF2662A1B895EFF2A8ADF89BB93FCBAFA99BCB8CD1E49BF0F330A9B3DDA9BBC984A60B77B88AADA284A6C29823E9305CC6C2FC0B6B31471F3C4CECAD08ADEED5FB95EDF6D04A3948B9464210A38200F96194DADA139B533AEA5192BA69F76BF634EC275D97EEA9C4D6188AABF1145AEB71F39554DC5BC948B93D6C3ADACD0A7F1321AD3B7B28BAE5B2B080200802008020155F6E187D7075790EF69FAB8A6E3EEA6D2BE23DD27A1BB2B094CB2201DCDD3D863135097B7754ED987D72750B6E9A6BEEE739DC4718E8432C7DE7F4EDEFE86D18E665A5B17638AEF59CD47520AA59426AA1338E2A4F1A8F23E15C3686270EA552FA37CEDD08ABD694276475CEECAFEBAAFF0063F2CE9FF83C1FFABF1643EB350C357765FE8623F894C37F214B7DF2BCFF008FE1DFBB292F07F8FC9BAC54B9A46862766D7A7AB52CC3AD339FEEB03EE07D673311C02BD3D69B52FA3F0DBEA4D1C545EFA1C6C25CD6A8AA7E2D407B0E259CB29074D0034D8DB8DDB5B65D797556482CEAD2D56BA6D67F9FA76E934757A6C74729E92AE65D4DC4C8393B4F772962F1187EF599573146CBA16520B05BF2F10E3C833759DDE05557A674A5B357F9AFEBEC8AF88BA8E6459985C3253454A6A151459540B00070027B139C658020080200802008042FB57D9C6BE0D420BD45ACA5069A93743C7F659A57C54E30A4E537648968DF3AB15C26E3E22D7352903D2EE7EFCBFEB3CE3E334AFA45DBE5E65EF46C8E6370CF46AB52A8B66500F5BE6CDA83CC693A74AAC2AD35383D19A73B127ECE6B5AAD7427E522B01F619837F78BEE9C9E350BC212E8DAF1B5BECCDE9EECB1763E3450AD998DA9D401589E0AC09C8DE43C4CA4FD9E936E018C8C24E84BE2D577F35F3D2DDDDA458AA77599722653D6144403E6A25C11722E2D706C45FA1E46015D7671B9F80C38AF4D4AE24BBE656AC884945160CB71665B93E21D475122A75A9D46D41A6E3A3EC36716B7E64D7F40613FE9685FA8A480FBEDA495FB4ACF5355A6C6BE2376A91F9B67A67C9B30FDD6BCE7D7E1785ADBC127D569F6D09635E71E646712DDD626961DEA536AD9D18043A95CE3534C92534BF33ED9CBA1C1EA61B150A9079A37EE6B47FBA7813CB10A7069EE5813D214C4010040100401004022DBDAE7BFC3AFD1EEEAB7F58351507DCEE3D4CE07F21935422B9397E196B08BDA7DC4731552A8A87BB3982A6764206A0DC2AA9D2C4E5737248F0816F15C798828387B5A5DD93FBB7E2BF559DC77BE8453B464B55A0D6F954D85FEC329FF00C9F8CECF057EC4D746BEB7F234A9B9C7DD9C6F738AA4C7E49390FB1FC23EFB4BB8FA3E970F24B75AF87F46B17665A644F245836303B46B5000210E83853A848B0E8AE012A3C886E02D69DEC271EA94D65ACB32EBCFFBFA77956A6153D63A1D1FF89CDBFE5DAFF6D2DEFBDFEE9D3FF3F85B6D2F05E643EAB3EC39D8FDA35AB82B532A5322C69A12D98730CE40CC0F40ABC48379CDC671EA95165A2B2AEBCFE5D3EBF226A7854B596A6ABD306D7E46E08D083D411A83E6270E9559D296683B3EC2CB4A4ACCDCA5B531282CB541FE9133FF002B293EF9DBA3FC82BC55A7152FA3FCAFA15A5858BD9D8EAECADBE5D853AC8118E8ACA6EAE6DC35D51BCB5F699DCC0F15A58B7952CB2E8FF0FF00F0AD5684A1AEE8D3FF008770B5B68AE396983569295356E6CCD62A028E06C0B5DBD835D6DD3212530040100401004010040201DAAEDEF829C2055CCE5D9C8E6692AE5700F237A8845FEAFA8A1C4B0F1AF43D1BF976327C3B6A57460D9D8EA55D7BCA4C18702798E7958710753A1EB3C356A3528CB24D5BF791D14D3D51A9BCBB1BE154B28215D4E642785ED620DB91048FF69360B14F0F5335AE9E8CC4A37457F8DDDBC4ADD5A833022D74B3020FB0DE7A3A7C430F2D54D2EFD085C5F34593B1EBBBD1A6D514AD42A338616398684DBCF8FACF2D888461564A0EEAFA771345B6B5372426C200802008063C452CE025AE5D95403D4B0F7DB8FA4BDC3632962E9A8F5BFC96FF00423ACD283B93F45000000006800E004FA01CA3D80200802008020080201407683B6862F1B5190DE9D3F8A43C88526E479162DE96946BCB34ADD0B746368DFA9F7D9ED3BE26A374A441F575B7E0D385C665FF004C576FE19629FBC5813CE131EC03C8020080201F3569861637B79120FBC19B26D3BA3060F8211C2AD41EAA7F1066FE91738A163BFBA1835B3BB5DAA2B950CC6F60403A0E038F19EC782D3A7EAEAA4629377BBEE673F10DE7B3649A760AE2008020080200802015FF0069DBE230E870B41AF5EA0B3B03F3484797D33C872D4F4BC556A645DA4B4E9E67AEC536A2C2C340394A05B269D9BD0FF98A9D4A27EE8673FDE2FBA70B8D4F5843BDF8D97E0929ADD98FB57DBB5B0B87A4283146AAC4171C40500D81E44DF8F919A704C253AF564EA2BE55B779A6266E3156E673770BB49C125014768D17351786214B3330BDFC7621AE3A8BDFCA7AD786A2D65708DBB91433CBAB2D0A5831529262308E6BE1EA28603E9AFB0FD2F35362083A9E03878EE05192CF87D1F4E5F2E9F6EE2CD3C4B5A4CD7A55430BA9B8E1EC238823911D0EB3CBD4A72A72719AB35D4BA9A6AE8FA9A191004010090EE927C4B37D7A8C47B01CBFE59EF784D370C1C13E6AFE3A9CBAEEF519DB9D122100401004010040100AF37AFB314AF51AB616A8A551C9674704A331D49046B4C93A9F943C87190CE8A93BF32585571D0AEF6FEE962F06B9AB531909CA19195812780B71E4797290FAB546ED1572655A1CC97EE6617BBC253EAF77FDE371F75A78CE25533E265D9A787F65BA7EE9EEF8EEF2E3B0CD489CAE0E646E8E3AF910483ED9AE0318F0B594D6AB67DC62AD3CF1B15162B73421642EEB51788603D0E9C8D8EA2F3D8D3C729C54A3AA623C3E9CE378C9DCC7B1F17B4F001BE0B5AA22DFC4A841048E790DC136035B709695783E654960EB475B5FB8B4B6576A5B37174C36333E17176B33D352C1ADC0DC0208F271A5EC2F34C4E128E26396AC6FF75DCC82152507A125D9CC6BD15AF40AE228B70A94B43E61A931BA30E809E1CB84F378AE01523AD1799747A3F27F42DC3149FBDA1ED2AEAC4807C4BF297832FDA53AAFA89C3AB46A5276A9169F696A3252D8C922327A21824DBAE6F85A5D2C729EA998E43E60ADB5E73E8F85CDE8219F7CAAFE072276CCEC7564E6A200802008020080201C2DE0DEBC3E10E572CF52D7EED002D6E572480BEA44DA3072D8DA3172D8A8F7D3781F1D54B3277629A9445CF7B660199B3651958F847036CA38CE8E169B8C64D3D7A91D55965664D766E252AD247A5F3654651C2C2D6CB6E4470B794F9257A3528D4953A9EF27AFEF6EE7663252575B1B12136357686CEA55C0155035B81E056FC6C46A24D46BD4A2EF0760B477445F1BB9CEA49A35030FAAFE161FD71A37A81ED33AF4B8BC5E95236ED5E5FDFC89E38892DD5FF7F7A15F6F9EEBD7422A0C3D4BF07CAB987DABADEDEBE53B983C7D19ACB9D7CF4FB9471B08CAD386FCFCC97F635B2B261DF102A540F55B2D95D94054EA01F11B93C6F61C2D7339DC638957A35953A4ED65E3721C3D18CA379168ECAD9CF5699A8CB4EBA97364ACCC5908F0964A8736526C7C2001A8371ADFADC3D549E193AD2CD9B5E5B3E44156CA7ECE963668EEDE66BB5E9201A2255672C7A92C3C36D7417BE9A8E11538560E6EEE9AF969F60ABD45CCDB4DD8A3F4CBD41F55DBC27C8A80330F23334785E1694B3461AF6DDFDC4AB4E4ACD9DB97C884010040100401004031E26BAD3467721514166279002E4C0287A98A3559EA9BDEA3B31BF1D58E87D82C3D25E82B4522E4559239DB4E87D2E5C1C7551A83E9CFC8F949612B3D7621AF4F32BAE46F6C6DB670A49376A4DAB2F307EB2F9F973F6CE671DE0B1C747D2434A8BC1AE8FF000C8F0F8874DD9EC4F7098A4AAA1E9B0653CC75E87A1F29F36AD46A519BA7515A4B933AB19292BA33488D8403DBC03E5690B960A2E78903536E173CF89F7CCB93B59B075F743377988B7CDF83F8BE3EF3D728A37FF79EC78067F5679B6BE9DDE57B9CFC55B3E849A770AC2008020080200802008020100ED3B6C9F06150E8467AA6FC81F027A9058F4CA3EB693518DDDC96946EEE575434665F3CC3D8D7FF0010D2CA2C19E64C9CEC4E08820A7C906E53F0CBFE9EE9242A65D1EC56AB42FAC4F7078A6A6D9E93946E048D2F6E4C0F1B6BC785CF08C5E070D8D865AD1525C9F35DCF72B42A4E9BF6743B981DF2AB61DE5157079AB146B72F090413EAB3CB57FE21196B46ADBB24AFF55E45C8E3BFD9781D05DF3A441B52A818726CB6BFB54B5BDD398FF8A6353B5E2D763F348996369F69F3477D699BDE8560472F8BD74BE9E3FC6D33FF0013C6DF470F17E463D769F691CDABB50622A8AC29845B64B1B162335896239DF95C80071D67A5E19C1BD4E83551A936EFD8ADC95FEFA104B139EA2D343BDBA5B60606B06D1683596A8160A17807B701978DFA5E5DAB0BAB9BD485D685D12A15840100401004010040100C75EB2A2B3B101541662780005C9F740285C76D0A98AAB52B35D03B136FA5D02F965000279906D6E77611B2B16E2ACAC6B54A4108717D3424927C278F13A6B63E9336B6A6DB1B53632201AD8BC12D406F7048B665D0D88B7AFAC5DAD8D254E32DCD77A4EBC4661D57F2F11E9796635D7C4549E1E4B6D4C542D6D083A9E1D6FC3DB258DADA10055F131E440F782D7FC44CDB5063AC9F1750750D6F51356BD9681D93AFB0CA4754B7F71F6877F83A649BB27C5B5F8DD3404FB458FACA338E5958A7256763BF35351004010040100401008AF6955EA0C1353A4AECF59969F815988526EEDE106DE10DA9D2F6EB3682BC91B4772B35D9B5800050AA00D00EE9F41EE976EBA96EE8F4ECDAC74342ADBFA27FCB1997517462C36CEAE065342B7874BF755351C8FC9D7498525D4C26BA99BF4756FD456FE154FCB3399753375D47E8EADFA8ADFC2A9F96332EA2EBA8FD1D5BF515BF8553F2C665D45D7535AAEC9A8CF6386AD70357EEEA03E42F975E7A72F585249E8CD64A32DEC6B36CAC42B65EE2B91C41EEAA7B8D978FE3EF96A9564F46D14AAD3CAF4D8C78AD9988C8F6C3572729D3B9A9D0FECCDE552395EABC511599BFF00C426868D665EA293DC7B405D4798F773947325CCE9DD75273D991AB4EAD7A4F4EA2A3A8A8A59194675F03EA4712A69D87EC19056B5D34435AD74CB0A40422008020080200807FFFD9,
'2014-12-12','miguel','123');
INSERT INTO `empleado` (`idEmpleado`,`nDNI`,`nombre`,`apellidoP`,`apellidoM`,`fechaNacimiento`,`telefono`,`seguroSocial`,`idCargo`,`idestado`,`foto`,`fechaIngreso`,`usuario`,`password`) VALUES ('EM0005','70236561','Maria','Casas','Casas','1995-10-10','555555555','11111111111','C00001',1,
_binary 0xFFD8FFE000104A46494600010100000100010000FFDB008400090607131212141412121516131617221918161717171A1C19181A171C181A1A1E1A1B1C282C181E2A1F1918223121262C2B32322F181F3F38332C37282D302E010A0A0A0E0D0E1B10101B2C2420242C342E34342C2C2C2F2C342F2C2D2C2C2C2C2C2D2C2C2C2C372C2C2C2C2C2C2C2C2C2C2C2C2C2C2F2C2C2C2C2C2C2C2C2C2DFFC000110800A000A003011100021101031101FFC4001C0001000203010101000000000000000000000607030405010208FFC400461000020102030505020A06080700000000010200031104122105063141510713226181719114233233425272A1B1D21553629293B27382A2B3C1C2D1F116345463C3D3E1FFC4001B01010002030101000000000000000000000003040102050607FFC4003411000201020403040A0202030000000000000102031104122131054151617191D1131422324281A1B1C1F006E115521623F1FFDA000C03010002110311003F00BC600802008020080201A14F6CD13886C36702BAA86C8742548BDD6FF2BD384C5D5EC2DCCDAC462129A97A8EA8838B31000F693C264116C7F691B3E91B0AAD50FF00DB4661EFB5BEF91BAB05CCDD5393E471DFB5EC303A617147CFE207E3566BE9E06FE86464A1DADE109F161F1283A9148FF2D4263D3C3A98F4323B5B3FB41D9F574188087A55564FBD85A6EAA45ECCD5C24B744968D55750C8C194EA1948208EA08E337343EE008020080200802008020080200804477B77FE8602A0A4F4AB3D46170028553A727720379E5BDB9CD273505766F08396C553BD5BD0F8CC52625299A0F4D54215A998DD599835F2AD8F8AD6D7879DA55A95B334E3C8B10A764D339BB676B56C5BF7988A86A30F920FC94FB2BC17DA3591CEA4A5B9B460A3B1A5343710040100DBD93B4EB615B3E1EAB5224DC853E163FB4BC1BDA45E6F1A928ECCD6508CB72CBDD6ED4D588A78E50879574BE53F6D7E872D41238FC9E76A15D3D1E8579D16B62CBA750300CA41522E0837041E0411C449C84FA80200802008020080200807CD5A814166202817249B0006A493C840296DFEDFB38CCD4280B61B81623C556DCF51E05E9CCF970952AD6BE912CD3A5CE441E5627100401004010040100946E4EF9D5C036537A98663E2A77D53AB2743D5781F2327A55B2E8F622A94B36AB72F3C06329D6A6B5293064717561CC4BA543620080200802008020080541DABEF51AB50E0E935A927CF11F4DF884FB2BCFA93FB3AD5AF53E1458A30F8995DCAA58100401004010040100401009B765DBCC70D88142A37C4576005CE8954E8A474CDA291D72F9DECD0A9F0B20AD0BFB48BB65B2B0802008020080201C9DEBDADF04C256ADA6655F083CDCE8BF7913127955CCA57763F390BF32493A927524937249E649B927CE735B6DDD97ED6130040100401004010040100403C75B823AF4D3EFE517B0DCFD1DBA9B48E270742B37CA7419BED0D1BD9A833A71775728356763AD32604010040100402B7EDB31D96861E883F3950B91D56928FF33D33E920C43B409A8AF68A92522D080201E3301A9361002B5FFF00B00F60080200802008020179764E4FE8DA77FAEF6F67786D3A147DC452A9EFB26324341004010040100A87B6D7BE230A3EAD273FBEE9FF00AE56C4BD122C50E65752A16040100DBD85B1CE2710133D858B13941CAA05B4D7A902FE72BE2F14B0F4B3DB5D828DD9D3DA9B9989A6C7BB26AA72CB955BD841E7E60FBA55A1C5A8CD7B7ECBF146CE124739761E2469F07ABEEBFF008CB5EBB877F1A31959ED5D8F88452EF4591071662A07E3C7CA6238CA129658CAEFB2E1A68E7D36245C8B794B4CC1EB3816B9E3C262C0F6008078EE0024F002E7D201FA33743669C360E8526166541987463E261E8491E93A7156491424EEEE76264C080200802008053FDB5ADB13873D68B0FDD71F984AB895B3FDE458A1CFF7A95E4AA5810040273B9BB3DA9206E1531166BFD4A29C3D58B7F687D59E778957556797E1869DF27E56FDB92417D4974E3928807236BEEE51C4B87A86A5C0B001CD87B17803D4F19770F8EAB4239616F0D7C4D1C13772338CDC1A97269570CBC83DD48F2CCA086F72CEA53E351B5AA42CFB3C9F9B3474DF2662A1B895EFF2A8ADF89BB93FCBAFA99BCB8CD1E49BF0F330A9B3DDA9BBC984A60B77B88AADA284A6C29823E9305CC6C2FC0B6B31471F3C4CECAD08ADEED5FB95EDF6D04A3948B9464210A38200F96194DADA139B533AEA5192BA69F76BF634EC275D97EEA9C4D6188AABF1145AEB71F39554DC5BC948B93D6C3ADACD0A7F1321AD3B7B28BAE5B2B080200802008020155F6E187D7075790EF69FAB8A6E3EEA6D2BE23DD27A1BB2B094CB2201DCDD3D863135097B7754ED987D72750B6E9A6BEEE739DC4718E8432C7DE7F4EDEFE86D18E665A5B17638AEF59CD47520AA59426AA1338E2A4F1A8F23E15C3686270EA552FA37CEDD08ABD694276475CEECAFEBAAFF0063F2CE9FF83C1FFABF1643EB350C357765FE8623F894C37F214B7DF2BCFF008FE1DFBB292F07F8FC9BAC54B9A46862766D7A7AB52CC3AD339FEEB03EE07D673311C02BD3D69B52FA3F0DBEA4D1C545EFA1C6C25CD6A8AA7E2D407B0E259CB29074D0034D8DB8DDB5B65D797556482CEAD2D56BA6D67F9FA76E934757A6C74729E92AE65D4DC4C8393B4F772962F1187EF599573146CBA16520B05BF2F10E3C833759DDE05557A674A5B357F9AFEBEC8AF88BA8E6459985C3253454A6A151459540B00070027B139C658020080200802008042FB57D9C6BE0D420BD45ACA5069A93743C7F659A57C54E30A4E537648968DF3AB15C26E3E22D7352903D2EE7EFCBFEB3CE3E334AFA45DBE5E65EF46C8E6370CF46AB52A8B66500F5BE6CDA83CC693A74AAC2AD35383D19A73B127ECE6B5AAD7427E522B01F619837F78BEE9C9E350BC212E8DAF1B5BECCDE9EECB1763E3450AD998DA9D401589E0AC09C8DE43C4CA4FD9E936E018C8C24E84BE2D577F35F3D2DDDDA458AA77599722653D6144403E6A25C11722E2D706C45FA1E46015D7671B9F80C38AF4D4AE24BBE656AC884945160CB71665B93E21D475122A75A9D46D41A6E3A3EC36716B7E64D7F40613FE9685FA8A480FBEDA495FB4ACF5355A6C6BE2376A91F9B67A67C9B30FDD6BCE7D7E1785ADBC127D569F6D09635E71E646712DDD626961DEA536AD9D18043A95CE3534C92534BF33ED9CBA1C1EA61B150A9079A37EE6B47FBA7813CB10A7069EE5813D214C4010040100401004022DBDAE7BFC3AFD1EEEAB7F58351507DCEE3D4CE07F21935422B9397E196B08BDA7DC4731552A8A87BB3982A6764206A0DC2AA9D2C4E5737248F0816F15C798828387B5A5DD93FBB7E2BF559DC77BE8453B464B55A0D6F954D85FEC329FF00C9F8CECF057EC4D746BEB7F234A9B9C7DD9C6F738AA4C7E49390FB1FC23EFB4BB8FA3E970F24B75AF87F46B17665A644F245836303B46B5000210E83853A848B0E8AE012A3C886E02D69DEC271EA94D65ACB32EBCFFBFA77956A6153D63A1D1FF89CDBFE5DAFF6D2DEFBDFEE9D3FF3F85B6D2F05E643EAB3EC39D8FDA35AB82B532A5322C69A12D98730CE40CC0F40ABC48379CDC671EA95165A2B2AEBCFE5D3EBF226A7854B596A6ABD306D7E46E08D083D411A83E6270E9559D296683B3EC2CB4A4ACCDCA5B531282CB541FE9133FF002B293EF9DBA3FC82BC55A7152FA3FCAFA15A5858BD9D8EAECADBE5D853AC8118E8ACA6EAE6DC35D51BCB5F699DCC0F15A58B7952CB2E8FF0FF00F0AD5684A1AEE8D3FF008770B5B68AE396983569295356E6CCD62A028E06C0B5DBD835D6DD3212530040100401004010040201DAAEDEF829C2055CCE5D9C8E6692AE5700F237A8845FEAFA8A1C4B0F1AF43D1BF976327C3B6A57460D9D8EA55D7BCA4C18702798E7958710753A1EB3C356A3528CB24D5BF791D14D3D51A9BCBB1BE154B28215D4E642785ED620DB91048FF69360B14F0F5335AE9E8CC4A37457F8DDDBC4ADD5A833022D74B3020FB0DE7A3A7C430F2D54D2EFD085C5F34593B1EBBBD1A6D514AD42A338616398684DBCF8FACF2D888461564A0EEAFA771345B6B5372426C200802008063C452CE025AE5D95403D4B0F7DB8FA4BDC3632962E9A8F5BFC96FF00423ACD283B93F45000000006800E004FA01CA3D80200802008020080201407683B6862F1B5190DE9D3F8A43C88526E479162DE96946BCB34ADD0B746368DFA9F7D9ED3BE26A374A441F575B7E0D385C665FF004C576FE19629FBC5813CE131EC03C8020080201F3569861637B79120FBC19B26D3BA3060F8211C2AD41EAA7F1066FE91738A163BFBA1835B3BB5DAA2B950CC6F60403A0E038F19EC782D3A7EAEAA4629377BBEE673F10DE7B3649A760AE2008020080200802015FF0069DBE230E870B41AF5EA0B3B03F3484797D33C872D4F4BC556A645DA4B4E9E67AEC536A2C2C340394A05B269D9BD0FF98A9D4A27EE8673FDE2FBA70B8D4F5843BDF8D97E0929ADD98FB57DBB5B0B87A4283146AAC4171C40500D81E44DF8F919A704C253AF564EA2BE55B779A6266E3156E673770BB49C125014768D17351786214B3330BDFC7621AE3A8BDFCA7AD786A2D65708DBB91433CBAB2D0A5831529262308E6BE1EA28603E9AFB0FD2F35362083A9E03878EE05192CF87D1F4E5F2E9F6EE2CD3C4B5A4CD7A55430BA9B8E1EC238823911D0EB3CBD4A72A72719AB35D4BA9A6AE8FA9A191004010090EE927C4B37D7A8C47B01CBFE59EF784D370C1C13E6AFE3A9CBAEEF519DB9D122100401004010040100AF37AFB314AF51AB616A8A551C9674704A331D49046B4C93A9F943C87190CE8A93BF32585571D0AEF6FEE962F06B9AB531909CA19195812780B71E4797290FAB546ED1572655A1CC97EE6617BBC253EAF77FDE371F75A78CE25533E265D9A787F65BA7EE9EEF8EEF2E3B0CD489CAE0E646E8E3AF910483ED9AE0318F0B594D6AB67DC62AD3CF1B15162B73421642EEB51788603D0E9C8D8EA2F3D8D3C729C54A3AA623C3E9CE378C9DCC7B1F17B4F001BE0B5AA22DFC4A841048E790DC136035B709695783E654960EB475B5FB8B4B6576A5B37174C36333E17176B33D352C1ADC0DC0208F271A5EC2F34C4E128E26396AC6FF75DCC82152507A125D9CC6BD15AF40AE228B70A94B43E61A931BA30E809E1CB84F378AE01523AD1799747A3F27F42DC3149FBDA1ED2AEAC4807C4BF297832FDA53AAFA89C3AB46A5276A9169F696A3252D8C922327A21824DBAE6F85A5D2C729EA998E43E60ADB5E73E8F85CDE8219F7CAAFE072276CCEC7564E6A200802008020080201C2DE0DEBC3E10E572CF52D7EED002D6E572480BEA44DA3072D8DA3172D8A8F7D3781F1D54B3277629A9445CF7B660199B3651958F847036CA38CE8E169B8C64D3D7A91D55965664D766E252AD247A5F3654651C2C2D6CB6E4470B794F9257A3528D4953A9EF27AFEF6EE7663252575B1B12136357686CEA55C0155035B81E056FC6C46A24D46BD4A2EF0760B477445F1BB9CEA49A35030FAAFE161FD71A37A81ED33AF4B8BC5E95236ED5E5FDFC89E38892DD5FF7F7A15F6F9EEBD7422A0C3D4BF07CAB987DABADEDEBE53B983C7D19ACB9D7CF4FB9471B08CAD386FCFCC97F635B2B261DF102A540F55B2D95D94054EA01F11B93C6F61C2D7339DC638957A35953A4ED65E3721C3D18CA379168ECAD9CF5699A8CB4EBA97364ACCC5908F0964A8736526C7C2001A8371ADFADC3D549E193AD2CD9B5E5B3E44156CA7ECE963668EEDE66BB5E9201A2255672C7A92C3C36D7417BE9A8E11538560E6EEE9AF969F60ABD45CCDB4DD8A3F4CBD41F55DBC27C8A80330F23334785E1694B3461AF6DDFDC4AB4E4ACD9DB97C884010040100401004031E26BAD3467721514166279002E4C0287A98A3559EA9BDEA3B31BF1D58E87D82C3D25E82B4522E4559239DB4E87D2E5C1C7551A83E9CFC8F949612B3D7621AF4F32BAE46F6C6DB670A49376A4DAB2F307EB2F9F973F6CE671DE0B1C747D2434A8BC1AE8FF000C8F0F8874DD9EC4F7098A4AAA1E9B0653CC75E87A1F29F36AD46A519BA7515A4B933AB19292BA33488D8403DBC03E5690B960A2E78903536E173CF89F7CCB93B59B075F743377988B7CDF83F8BE3EF3D728A37FF79EC78067F5679B6BE9DDE57B9CFC55B3E849A770AC2008020080200802008020100ED3B6C9F06150E8467AA6FC81F027A9058F4CA3EB693518DDDC96946EEE575434665F3CC3D8D7FF0010D2CA2C19E64C9CEC4E08820A7C906E53F0CBFE9EE9242A65D1EC56AB42FAC4F7078A6A6D9E93946E048D2F6E4C0F1B6BC785CF08C5E070D8D865AD1525C9F35DCF72B42A4E9BF6743B981DF2AB61DE5157079AB146B72F090413EAB3CB57FE21196B46ADBB24AFF55E45C8E3BFD9781D05DF3A441B52A818726CB6BFB54B5BDD398FF8A6353B5E2D763F348996369F69F3477D699BDE8560472F8BD74BE9E3FC6D33FF0013C6DF470F17E463D769F691CDABB50622A8AC29845B64B1B162335896239DF95C80071D67A5E19C1BD4E83551A936EFD8ADC95FEFA104B139EA2D343BDBA5B60606B06D1683596A8160A17807B701978DFA5E5DAB0BAB9BD485D685D12A15840100401004010040100C75EB2A2B3B101541662780005C9F740285C76D0A98AAB52B35D03B136FA5D02F965000279906D6E77611B2B16E2ACAC6B54A4108717D3424927C278F13A6B63E9336B6A6DB1B53632201AD8BC12D406F7048B665D0D88B7AFAC5DAD8D254E32DCD77A4EBC4661D57F2F11E9796635D7C4549E1E4B6D4C542D6D083A9E1D6FC3DB258DADA10055F131E440F782D7FC44CDB5063AC9F1750750D6F51356BD9681D93AFB0CA4754B7F71F6877F83A649BB27C5B5F8DD3404FB458FACA338E5958A7256763BF35351004010040100401008AF6955EA0C1353A4AECF59969F815988526EEDE106DE10DA9D2F6EB3682BC91B4772B35D9B5800050AA00D00EE9F41EE976EBA96EE8F4ECDAC74342ADBFA27FCB1997517462C36CEAE065342B7874BF755351C8FC9D7498525D4C26BA99BF4756FD456FE154FCB3399753375D47E8EADFA8ADFC2A9F96332EA2EBA8FD1D5BF515BF8553F2C665D45D7535AAEC9A8CF6386AD70357EEEA03E42F975E7A72F585249E8CD64A32DEC6B36CAC42B65EE2B91C41EEAA7B8D978FE3EF96A9564F46D14AAD3CAF4D8C78AD9988C8F6C3572729D3B9A9D0FECCDE552395EABC511599BFF00C426868D665EA293DC7B405D4798F773947325CCE9DD75273D991AB4EAD7A4F4EA2A3A8A8A59194675F03EA4712A69D87EC19056B5D34435AD74CB0A40422008020080200807FFFD9,
'2014-12-12','maria','123');


















